number,pdb,delta_g,Mutation,Hchain,Lchain,antigen_chain,source_delta_g,effect
1,1AHW_1,-7.474338137,"C:K169A,C:N171A,C:N173A",B,A,C,-11.55,4.075661863
2,1AHW_2,-7.530779569,"C:S195A,C:R196A",B,A,C,-11.55,4.019220431
3,1AHW_3,-7.530779569,"C:R200A,C:K201A",B,A,C,-11.55,4.019220431
4,1AHW_4,-7.571636239,"C:I152Q,C:T154I,C:Y156T",B,A,C,-11.55,3.978363761
5,1AHW_5,-7.741997771,C:Y156A,B,A,C,-11.55,3.808002229
6,1AHW_6,-10.20145923,C:T197A,B,A,C,-11.55,1.34854077
7,1AHW_7,-10.36586909,"C:K149A,C:D150A",B,A,C,-11.55,1.18413091
8,1AHW_8,-10.44157033,C:T170A,B,A,C,-11.55,1.10842967
9,1AHW_9,-10.46911887,C:N199A,B,A,C,-11.55,1.08088113
10,1AHW_10,-10.56040487,C:L176A,B,A,C,-11.55,0.98959513
11,1AHW_11,-10.90848439,"C:T121A,C:K122A",B,A,C,-11.55,0.64151561
12,1AHW_12,-11.62146121,C:T167A,B,A,C,-11.55,-0.07146121
13,1AHW_13,-11.86157231,C:V198A,B,A,C,-11.55,-0.31157231
14,1AHW_14,-12.03193384,C:D178A,B,A,C,-11.55,-0.48193384
15,1AHW_15,-12.87705334,"C:K165A,C:K166A",B,A,C,-11.55,-1.32705334
16,1AHW_16,-13.43635106,C:Y157A,B,A,C,-11.55,-1.88635106
17,1BJ1_17,-7.108580088,H:Y99A,H,L,V,-11.63,4.521419912
18,1BJ1_18,-9.304812743,H:Y27A,H,L,V,-11.63,2.325187257
19,1BJ1_19,-10.2196818,H:Y54A,H,L,V,-11.63,1.4103182
20,1BJ1_20,-10.69667429,H:T59A,H,L,V,-11.63,0.93332571
21,1BJ1_21,-10.75768862,H:H107A,H,L,V,-11.63,0.87231138
22,1BJ1_22,-10.97087749,"H:L72V,H:T74V",H,L,V,-11.63,0.65912251
23,1BJ1_23,-11.56501978,"H:L72I,H:T74K",H,L,V,-11.63,0.06498022
24,1BJ1_24,-11.77880713,H:Y54W,H,L,V,-11.63,-0.14880713
25,1BJ1_25,-11.86157231,H:T28D,H,L,V,-11.63,-0.23157231
26,1BJ1_26,-12.03193384,H:S105T,H,L,V,-11.63,-0.40193384
27,1BJ1_27,-12.07279051,"H:H101Y,H:Y103I,H:G104A,H:S105K",H,L,V,-11.63,-0.44279051
28,1BJ1_28,-12.33443804,"H:T28D,H:N31H",H,L,V,-11.63,-0.70443804
29,1BJ1_29,-12.4041876,"H:H101Y,H:Y103R,H:G104N,H:S105T",H,L,V,-11.63,-0.7741876
30,1BJ1_30,-12.4041876,H:N31H,H,L,V,-11.63,-0.7741876
31,1BJ1_31,-12.63694224,"H:H101Y,H:Y103R,H:G104D,H:S105N",H,L,V,-11.63,-1.00694224
32,1BJ1_32,-12.68251756,"H:H101Y,H:Y103W,H:S105T",H,L,V,-11.63,-1.05251756
33,1BJ1_33,-12.707507,"L:M4L,H:T28D,H:N31H,H:H101Y,H:S105T",H,L,V,-11.63,-1.077507
34,1BJ1_34,-12.81466023,"H:H101Y,H:Y103R,H:S105T",H,L,V,-11.63,-1.18466023
35,1BJ1_35,-12.84503544,"H:T28D,H:N31H,H:Y54W,H:H101Y,H:S105T",H,L,V,-11.63,-1.21503544
36,1BJ1_36,-12.98502176,"H:H101Y,H:S105T",H,L,V,-11.63,-1.35502176
37,1BJ1_37,-13.22513286,H:H101Y,H,L,V,-11.63,-1.59513286
38,1BJ1_38,-13.39549439,"H:T28D,H:N31H,H:H101Y,H:S105T",H,L,V,-11.63,-1.76549439
39,1BJ1_39,-13.43635106,"L:M4L,H:T28D,H:N31H,H:H101Y,H:S105T",H,L,V,-11.63,-1.80635106
40,1CZ8_40,-10.97087749,"L:L4M,H:D28T,H:H31N,H:Y101H,H:T105S,H:L72V,H:T74V",H,L,V,-14.12,3.14912251
41,1CZ8_41,-11.1861271,"L:L4M,H:D28T,H:H31N,H:Y101H,H:T105S",H,L,V,-14.12,2.9338729
42,1CZ8_42,-11.56501978,"L:L4M,H:D28T,H:H31N,H:Y101H,H:T105S,H:L72I,H:T74K",H,L,V,-14.12,2.55498022
43,1CZ8_43,-11.64153727,"L:L4M,H:D28T,H:H31N,H:Y101H,H:T105S",H,L,V,-14.12,2.47846273
44,1CZ8_44,-11.77880713,"L:L4M,H:D28T,H:H31N,H:Y101H,H:T105S,H:Y54W",H,L,V,-14.12,2.34119287
45,1CZ8_45,-11.86157231,"L:L4M,H:H31N,H:Y101H,H:T105S",H,L,V,-14.12,2.25842769
46,1CZ8_46,-12.03193384,"L:L4M,H:D28T,H:H31N,H:Y101H",H,L,V,-14.12,2.08806616
47,1CZ8_47,-12.07279051,"L:L4M,H:D28T,H:H31N,H:T105K,H:Y103I,H:G104A",H,L,V,-14.12,2.04720949
48,1CZ8_48,-12.33443804,"L:L4M,H:Y101H,H:T105S",H,L,V,-14.12,1.78556196
49,1CZ8_49,-12.4041876,"L:L4M,H:D28T,H:H31N,H:Y103R,H:G104N",H,L,V,-14.12,1.7158124
50,1CZ8_50,-12.4041876,"L:L4M,H:D28T,H:Y101H,H:T105S",H,L,V,-14.12,1.7158124
51,1CZ8_51,-12.63694224,"L:L4M,H:D28T,H:H31N,H:T105N,H:Y103R,H:G104D",H,L,V,-14.12,1.48305776
52,1CZ8_52,-12.68251756,"L:L4M,H:D28T,H:H31N,H:Y103W",H,L,V,-14.12,1.43748244
53,1CZ8_53,-12.81466023,"L:L4M,H:D28T,H:H31N,H:Y103R",H,L,V,-14.12,1.30533977
54,1CZ8_54,-12.84503544,"L:L4M,H:Y54W",H,L,V,-14.12,1.27496456
55,1CZ8_55,-12.98502176,"L:L4M,H:D28T,H:H31N",H,L,V,-14.12,1.13497824
56,1CZ8_56,-13.22513286,"L:L4M,H:D28T,H:H31N,H:T105S",H,L,V,-14.12,0.89486714
57,1CZ8_57,-13.39549439,L:L4M,H,L,V,-14.12,0.72450561
58,1DQJ_58,-4.778537484,B:Y50A,B,A,C,-11.45,6.671462516
59,1DQJ_59,-5.006476721,"B:W98A,C:K97A",B,A,C,-11.45,6.443523279
60,1DQJ_60,-5.510742847,C:K96A,B,A,C,-11.45,5.939257153
61,1DQJ_61,-5.864714818,"A:N32A,C:K96A",B,A,C,-11.45,5.585285182
62,1DQJ_62,-6.142098032,B:Y33A,B,A,C,-11.45,5.307901968
63,1DQJ_63,-6.304317259,"B:W98A,C:S100A",B,A,C,-11.45,5.145682741
64,1DQJ_64,-6.554465658,"B:W98A,C:Y20A",B,A,C,-11.45,4.895534342
65,1DQJ_65,-6.73503756,B:W98A,B,A,C,-11.45,4.71496244
66,1DQJ_66,-7.575881324,A:N32A,B,A,C,-11.45,3.874118676
67,1DQJ_67,-8.093470918,"A:S91A,C:Y20A",B,A,C,-11.45,3.356529082
68,1DQJ_68,-8.146857209,C:K97A,B,A,C,-11.45,3.303142791
69,1DQJ_69,-8.146857209,C:K97A,B,A,C,-11.45,3.303142791
70,1DQJ_70,-8.181363289,"A:Y96A,C:R21A",B,A,C,-11.45,3.268636711
71,1DQJ_71,-8.380854635,C:Y20A,B,A,C,-11.45,3.069145365
72,1DQJ_72,-8.380854635,C:Y20A,B,A,C,-11.45,3.069145365
73,1DQJ_73,-8.495831269,"A:S91A,C:R21A",B,A,C,-11.45,2.954168731
74,1DQJ_74,-8.939441872,"B:Y53A,C:D101A",B,A,C,-11.45,2.510558128
75,1DQJ_75,-8.988263926,A:Y50A,B,A,C,-11.45,2.461736074
76,1DQJ_76,-9.467330627,"B:Y53A,C:W63A",B,A,C,-11.45,1.982669373
77,1DQJ_77,-9.653129182,A:N31A,B,A,C,-11.45,1.796870818
78,1DQJ_78,-9.653129182,B:D32A,B,A,C,-11.45,1.796870818
79,1DQJ_79,-10.21415591,C:D101A,B,A,C,-11.45,1.23584409
80,1DQJ_80,-10.21415591,C:L75A,B,A,C,-11.45,1.23584409
81,1DQJ_81,-10.23467468,A:S91A,B,A,C,-11.45,1.21532532
82,1DQJ_82,-10.32029377,C:W63A,B,A,C,-11.45,1.12970623
83,1DQJ_83,-10.32029377,C:W63A,B,A,C,-11.45,1.12970623
84,1DQJ_84,-10.36586909,C:D101A,B,A,C,-11.45,1.08413091
85,1DQJ_85,-10.3802549,"B:Y53A,C:W62A",B,A,C,-11.45,1.0697451
86,1DQJ_86,-10.40757234,C:R21A,B,A,C,-11.45,1.04242766
87,1DQJ_87,-10.44970117,"B:Y53A,C:L75A",B,A,C,-11.45,1.00029883
88,1DQJ_88,-10.4862849,B:Y53A,B,A,C,-11.45,0.9637151
89,1DQJ_89,-10.49801176,C:R21A,B,A,C,-11.45,0.95198824
90,1DQJ_90,-10.53151198,A:Y96A,B,A,C,-11.45,0.91848802
91,1DQJ_91,-10.54417956,"B:D32A,C:K97A",B,A,C,-11.45,0.90582044
92,1DQJ_92,-10.75311573,"A:Y96A,C:S100A",B,A,C,-11.45,0.69688427
93,1DQJ_93,-10.8257192,C:T89A,B,A,C,-11.45,0.6242808
94,1DQJ_94,-10.89098005,C:S100A,B,A,C,-11.45,0.55901995
95,1DQJ_95,-10.90848439,C:W62A,B,A,C,-11.45,0.54151561
96,1DQJ_96,-11.01668973,C:N93A,B,A,C,-11.45,0.43331027
97,1JRH_97,-5.780920642,I:K52M,H,L,I,-10.7,4.919079358
98,1JRH_98,-6.165248348,I:W82A,H,L,I,-10.7,4.534751652
99,1JRH_99,-6.167219021,I:G50A,H,L,I,-10.7,4.532780979
100,1JRH_100,-6.800298408,I:N53A,H,L,I,-10.7,3.899701592
101,1JRH_101,-7.04618698,I:N53A,H,L,I,-10.7,3.65381302
102,1JRH_102,-7.115392502,I:K47A,H,L,I,-10.7,3.584607498
103,1JRH_103,-7.293306283,I:Y49A,H,L,I,-10.7,3.406693717
104,1JRH_104,-7.378455578,I:G50A,H,L,I,-10.7,3.321544422
105,1JRH_105,-7.400218173,I:K47M,H,L,I,-10.7,3.299781827
106,1JRH_106,-7.422811146,I:W82A,H,L,I,-10.7,3.277188854
107,1JRH_107,-7.709090037,I:K52A,H,L,I,-10.7,2.990909963
108,1JRH_108,-7.741997771,"I:S71Y,I:D72E,I:H73Q,I:V74I,I:G75M,I:D76Y,I:S78D,I:N79V,I:L81A",H,L,I,-10.7,2.958002229
109,1JRH_109,-7.903033333,I:K47A,H,L,I,-10.7,2.796966667
110,1JRH_110,-7.965426442,I:K52A,H,L,I,-10.7,2.734573558
111,1JRH_111,-7.982108864,L:W92A,H,L,I,-10.7,2.717891136
112,1JRH_112,-8.098598108,I:Y49A,H,L,I,-10.7,2.601401892
113,1JRH_113,-8.114251535,H:W52A,H,L,I,-10.7,2.585748465
114,1JRH_114,-8.379198168,H:W53A,H,L,I,-10.7,2.320801832
115,1JRH_115,-8.809860936,I:V51A,H,L,I,-10.7,1.890139064
116,1JRH_116,-8.91441617,H:D54A,H,L,I,-10.7,1.78558383
117,1JRH_117,-8.945867108,H:D56A,H,L,I,-10.7,1.754132892
118,1JRH_118,-9.102745075,H:H100A,H,L,I,-10.7,1.597254925
119,1JRH_119,-9.134451211,L:W96A,H,L,I,-10.7,1.565548789
120,1JRH_120,-9.134451211,H:D55A,H,L,I,-10.7,1.565548789
121,1JRH_121,-9.367205852,H:Y32A,H,L,I,-10.7,1.332794148
122,1JRH_122,-9.544923837,H:Y58A,H,L,I,-10.7,1.155076163
123,1JRH_123,-9.557492195,I:W82Y,H,L,I,-10.7,1.142507805
124,1JRH_124,-9.584090956,I:W82F,H,L,I,-10.7,1.115909044
125,1JRH_125,-9.69205938,L:Y30A,H,L,I,-10.7,1.00794062
126,1JRH_126,-9.739459616,H:Y99A,H,L,I,-10.7,0.960540384
127,1JRH_127,-9.902193982,I:Y49F,H,L,I,-10.7,0.797806018
128,1JRH_128,-10.06716706,"I:A103L,I:V104M",H,L,I,-10.7,0.63283294
129,1JRH_129,-10.2196818,L:Y91A,H,L,I,-10.7,0.4803182
130,1JRH_130,-10.25790067,L:E27A,H,L,I,-10.7,0.44209933
131,1JRH_131,-10.25790067,H:R95A,H,L,I,-10.7,0.44209933
132,1JRH_132,-10.27797672,I:V51A,H,L,I,-10.7,0.42202328
133,1JRH_133,-10.32913255,I:N48Q,H,L,I,-10.7,0.37086745
134,1JRH_134,-10.36586909,L:D28A,H,L,I,-10.7,0.33413091
135,1JRH_135,-10.3949989,I:S54A,H,L,I,-10.7,0.3050011
136,1JRH_136,-10.41524658,L:T94A,H,L,I,-10.7,0.28475342
137,1JRH_137,-10.51300463,I:W82Y,H,L,I,-10.7,0.18699537
138,1JRH_138,-10.55712405,"I:I35N,I:P37S,I:V39T,I:V41I",H,L,I,-10.7,0.14287595
139,1JRH_139,-10.60126154,I:E45Q,H,L,I,-10.7,0.09873846
140,1JRH_140,-10.63015443,"I:A59S,I:I61T,I:H65D",H,L,I,-10.7,0.06984557
141,1JRH_141,-10.65664644,I:W82F,H,L,I,-10.7,0.04335356
142,1JRH_142,-10.67632223,I:W56Y,H,L,I,-10.7,0.02367777
143,1JRH_143,-10.72205761,I:R84A,H,L,I,-10.7,-0.02205761
144,1JRH_144,-10.726396,I:T14V,H,L,I,-10.7,-0.026396
145,1JRH_145,-10.726396,"I:T19L,I:E21K",H,L,I,-10.7,-0.026396
146,1JRH_146,-10.726396,I:Y49F,H,L,I,-10.7,-0.026396
147,1JRH_147,-10.7351693,I:K98A,H,L,I,-10.7,-0.0351693
148,1JRH_148,-10.74857787,"I:A95D,I:K98R,I:E100K",H,L,I,-10.7,-0.04857787
149,1JRH_149,-10.80051596,H:F98A,H,L,I,-10.7,-0.10051596
150,1JRH_150,-10.91443606,"I:M25L,I:I28V",H,L,I,-10.7,-0.21443606
151,1JRH_151,-10.91443606,"I:V83A,I:R88K",H,L,I,-10.7,-0.21443606
152,1JRH_152,-10.9388596,I:R84A,H,L,I,-10.7,-0.2388596
153,1JRH_153,-10.98553303,I:N48A,H,L,I,-10.7,-0.28553303
154,1JRH_154,-11.04807604,I:N48Q,H,L,I,-10.7,-0.34807604
155,1JRH_155,-11.08679485,I:K98A,H,L,I,-10.7,-0.38679485
156,1JRH_156,-11.09161594,I:N79A,H,L,I,-10.7,-0.39161594
157,1JRH_157,-11.11970259,I:N48A,H,L,I,-10.7,-0.41970259
158,1JRH_158,-11.12736579,I:E55A,H,L,I,-10.7,-0.42736579
159,1JRH_159,-11.17276973,I:W56Y,H,L,I,-10.7,-0.47276973
160,1JRH_160,-11.29573102,I:S54A,H,L,I,-10.7,-0.59573102
161,1JRH_161,-11.34933222,I:W56F,H,L,I,-10.7,-0.64933222
162,1JRH_162,-11.45109968,L:S93A,H,L,I,-10.7,-0.75109968
163,1JRH_163,-11.60204351,I:W56F,H,L,I,-10.7,-0.90204351
164,1JRH_164,-11.75360388,I:N79A,H,L,I,-10.7,-1.05360388
165,1JRH_165,-12.4503554,I:E55A,H,L,I,-10.7,-1.7503554
166,1JRH_166,-14.17822078,"I:S54G,I:E55G,I:I57R",H,L,I,-10.7,-3.47822078
167,1JRH_167,-14.24061389,"I:E55P,I:I57R",H,L,I,-10.7,-3.54061389
168,1JRH_168,-14.25729631,"I:E55P,I:I57L",H,L,I,-10.7,-3.55729631
169,1JRH_169,-14.5886934,I:E55P,H,L,I,-10.7,-3.8886934
170,1JRH_170,-14.68493497,"I:S54G,I:E55P,I:I57K",H,L,I,-10.7,-3.98493497
171,1KIP_171,-11.49726748,B:A32Y,B,A,C,-11.49,-0.00726748
172,1KIQ_172,-11.49726748,B:F101Y,B,A,C,-11.49,-0.00726748
173,1KIR_173,-11.49726748,A:S50Y,B,A,C,-10.01,-1.48726748
174,1MHP_174,-8.277604857,H:S35Q,H,L,A,-11,2.722395143
175,1MHP_175,-8.277604857,L:S91R,H,L,A,-11,2.722395143
176,1MHP_176,-8.277604857,"L:S91R,L:N30E",H,L,A,-11,2.722395143
177,1MHP_177,-8.277604857,H:T33N,H,L,A,-11,2.722395143
178,1MHP_178,-8.277604857,H:G100L,H,L,A,-11,2.722395143
179,1MHP_179,-8.277604857,"H:T50V,H:S35V",H,L,A,-11,2.722395143
180,1MHP_180,-8.688077483,L:S91T,H,L,A,-11,2.311922517
181,1MHP_181,-8.928885677,H:S52M,H,L,A,-11,2.071114323
182,1MHP_182,-8.928885677,H:Y58Q,H,L,A,-11,2.071114323
183,1MHP_183,-8.928885677,H:Y58E,H,L,A,-11,2.071114323
184,1MHP_184,-8.928885677,L:W90Q,H,L,A,-11,2.071114323
185,1MHP_185,-8.928885677,"H:T50V,H:S35A",H,L,A,-11,2.071114323
186,1MHP_186,-9.097158365,L:N30Y,H,L,A,-11,1.902841635
187,1MHP_187,-9.097158365,L:L49W,H,L,A,-11,1.902841635
188,1MHP_188,-9.097158365,"H:T33I,H:S52T,H:G53N,H:G54N",H,L,A,-11,1.902841635
189,1MHP_189,-9.230692779,L:S91Q,H,L,A,-11,1.769307221
190,1MHP_190,-9.337269459,"H:T50V,H:G102S",H,L,A,-11,1.662730541
191,1MHP_191,-9.337269459,"H:T33E,H:G53Q",H,L,A,-11,1.662730541
192,1MHP_192,-9.432040972,L:N30W,H,L,A,-11,1.567959028
193,1MHP_193,-9.432040972,L:G92Q,H,L,A,-11,1.567959028
194,1MHP_194,-9.432040972,H:S35A,H,L,A,-11,1.567959028
195,1MHP_195,-9.432040972,"H:S35A,H:G102S",H,L,A,-11,1.567959028
196,1MHP_196,-9.579051038,"H:S35V,H:G102S",H,L,A,-11,1.420948962
197,1MHP_197,-9.641165405,H:G54I,H,L,A,-11,1.358834595
198,1MHP_198,-9.697397868,H:R31Q,H,L,A,-11,1.302602132
199,1MHP_199,-9.74941257,L:H31W,H,L,A,-11,1.25058743
200,1MHP_200,-9.74941257,H:G53N,H,L,A,-11,1.25058743
201,1MHP_201,-9.74941257,"H:T33I,H:S52T,H:G53Q,H:G54F",H,L,A,-11,1.25058743
202,1MHP_202,-9.840559184,L:H31K,H,L,A,-11,1.159440816
203,1MHP_203,-9.840559184,H:G54T,H,L,A,-11,1.159440816
204,1MHP_204,-9.880928256,L:H31R,H,L,A,-11,1.119071744
205,1MHP_205,-9.955396463,L:N30V,H,L,A,-11,1.044603537
206,1MHP_206,-10.08018268,L:L49K,H,L,A,-11,0.91981732
207,1MHP_207,-10.13370693,"L:W90Q,L:F33Y",H,L,A,-11,0.86629307
208,1MHP_208,-10.1598852,L:N52R,H,L,A,-11,0.8401148
209,1MHP_209,-10.1837807,H:Y58W,H,L,A,-11,0.8162193
210,1MHP_210,-10.20686737,L:L49K,H,L,A,-11,0.79313263
211,1MHP_211,-10.25005702,H:F99Y,H,L,A,-11,0.74994298
212,1MHP_212,-10.25005702,H:F99Y,H,L,A,-11,0.74994298
213,1MHP_213,-10.29244623,L:L49F,H,L,A,-11,0.70755377
214,1MHP_214,-10.32913255,H:G53S,H,L,A,-11,0.67086745
215,1MHP_215,-10.34721599,L:N52K,H,L,A,-11,0.65278401
216,1MHP_216,-10.43090001,H:G100F,H,L,A,-11,0.56909999
217,1MHP_217,-10.44697846,H:G100S,H,L,A,-11,0.55302154
218,1MHP_218,-10.46071891,H:Y59E,H,L,A,-11,0.53928109
219,1MHP_219,-10.4921193,L:G92S,H,L,A,-11,0.5078807
220,1MHP_220,-10.4921193,H:G53A,H,L,A,-11,0.5078807
221,1MHP_221,-10.50396344,L:N52D,H,L,A,-11,0.49603656
222,1MHP_222,-10.57035782,H:T33V,H,L,A,-11,0.42964218
223,1MHP_223,-10.57035782,"L:N30Y,L:S91I",H,L,A,-11,0.42964218
224,1MHP_224,-10.80051596,H:G100F,H,L,A,-11,0.19948404
225,1MHP_225,-10.90259193,H:G100M,H,L,A,-11,0.09740807
226,1MHP_226,-10.90259193,H:G100M,H,L,A,-11,0.09740807
227,1MHP_227,-10.96173661,"H:L60D,H:K64Q",H,L,A,-11,0.03826339
228,1MHP_228,-11.00472595,H:F99W,H,L,A,-11,-0.00472595
229,1MHP_229,-11.00472595,H:G54Y,H,L,A,-11,-0.00472595
230,1MHP_230,-11.00472595,H:F99W,H,L,A,-11,-0.00472595
231,1MHP_231,-11.00472595,H:T50V,H,L,A,-11,-0.00472595
232,1MHP_232,-11.00472595,H:L60D,H,L,A,-11,-0.00472595
233,1MHP_233,-11.00472595,H:K64E,H,L,A,-11,-0.00472595
234,1MHP_234,-11.00472595,H:K64Q,H,L,A,-11,-0.00472595
235,1MHP_235,-11.00472595,H:K64N,H,L,A,-11,-0.00472595
236,1MHP_236,-11.00472595,L:N52Y,H,L,A,-11,-0.00472595
237,1MHP_237,-11.00472595,L:N52E,H,L,A,-11,-0.00472595
238,1MHP_238,-11.00472595,H:F99W,H,L,A,-11,-0.00472595
239,1MHP_239,-11.00472595,H:G54Y,H,L,A,-11,-0.00472595
240,1MHP_240,-11.00472595,H:F99W,H,L,A,-11,-0.00472595
241,1MHP_241,-11.00472595,"H:T50V,H:K64E",H,L,A,-11,-0.00472595
242,1MHP_242,-11.07178197,L:S24R,H,L,A,-11,-0.07178197
243,1MHP_243,-11.07726885,H:K64N,H,L,A,-11,-0.07726885
244,1MHP_244,-11.10797573,L:N52Y,H,L,A,-11,-0.10797573
245,1MHP_245,-11.12736579,H:L60D,H,L,A,-11,-0.12736579
246,1MHP_246,-11.12736579,H:K64D,H,L,A,-11,-0.12736579
247,1MHP_247,-11.14652644,"H:L60D,H:K64E",H,L,A,-11,-0.14652644
248,1MHP_248,-11.15995529,H:K64E,H,L,A,-11,-0.15995529
249,1MHP_249,-11.15995529,H:K64Q,H,L,A,-11,-0.15995529
250,1MHP_250,-11.1820957,L:N52E,H,L,A,-11,-0.1820957
251,1MHP_251,-11.22497004,H:K64D,H,L,A,-11,-0.22497004
252,1MHP_252,-11.26792372,H:T50V,H,L,A,-11,-0.26792372
253,1MHP_253,-11.36576536,"H:T50V,H:K64E",H,L,A,-11,-0.36576536
254,1MHP_254,-11.3683345,L:S24R,H,L,A,-11,-0.3683345
255,1MHP_255,-11.40827234,L:S28Q,H,L,A,-11,-0.40827234
256,1MHP_256,-11.6708387,L:S28Q,H,L,A,-11,-0.6708387
257,1MHP_257,-11.69940984,"H:T50V,L:S28Q",H,L,A,-11,-0.69940984
258,1MHP_258,-11.86157231,L:S28Q,H,L,A,-11,-0.86157231
259,1MHP_259,-11.86157231,"H:K64E,L:S28Q",H,L,A,-11,-0.86157231
260,1MHP_260,-11.89194752,"H:T50V,L:S28Q,L:N52Y",H,L,A,-11,-0.89194752
261,1MHP_261,-11.95781388,"H:K64E,L:S28Q,L:N52Y",H,L,A,-11,-0.95781388
262,1MHP_262,-11.95781388,"H:T50V,L:S28Q,L:N52Y",H,L,A,-11,-0.95781388
263,1MHP_263,-12.04793986,"H:T50V,H:K64E,L:S28Q,L:N52Y",H,L,A,-11,-1.04793986
264,1MHP_264,-12.08995655,"H:K64E,L:S28Q,L:N52Y",H,L,A,-11,-1.08995655
265,1MHP_265,-12.13050227,"H:T50V,H:K64E,L:S28Q,L:N52Y",H,L,A,-11,-1.13050227
266,1MHP_266,-12.20493318,"H:T50V,L:S28Q,L:N52Y",H,L,A,-11,-1.20493318
267,1MHP_267,-12.27204493,"H:T50V,H:K64E,L:S28Q,L:N52E",H,L,A,-11,-1.27204493
268,1MLC_268,-9.488482405,"A:N92A,B:T28D,B:S57V,B:T58D,B:E35S",B,A,E,-9.6,0.111517595
269,1MLC_269,-9.544923837,"A:N92A,B:T28D,B:S57V,B:T58D,A:S91N",B,A,E,-9.6,0.055076163
270,1MLC_270,-9.544923837,"A:N92A,B:T28D,B:S57V,B:T58D,B:Y32R,B:R98S",B,A,E,-9.6,0.055076163
271,1MLC_271,-10.86841783,B:T31V,B,A,E,-9.6,-1.26841783
272,1MLC_272,-10.9476515,B:T31A,B,A,E,-9.6,-1.3476515
273,1MLC_273,-11.0332706,"A:N92A,B:T28D,B:S57V,B:T58D,B:Y32W,B:R98V,B:D100Q",B,A,E,-9.6,-1.4332706
274,1MLC_274,-11.26251558,B:T31W,B,A,E,-9.6,-1.66251558
275,1MLC_275,-11.37610949,B:K65D,B,A,E,-9.6,-1.77610949
276,1MLC_276,-11.39465825,A:N32Y,B,A,E,-9.6,-1.79465825
277,1MLC_277,-11.54560208,B:T28D,B,A,E,-9.6,-1.94560208
278,1MLC_278,-11.59823522,"A:N92A,B:T28D,B:S57V,B:T58D,B:G99D",B,A,E,-9.6,-1.99823522
279,1MLC_279,-11.77367994,B:S57A,B,A,E,-9.6,-2.17367994
280,1MLC_280,-11.80513087,"A:N92A,B:T28D,B:S57V,B:T58D,B:R98M,B:D100Q",B,A,E,-9.6,-2.20513087
281,1MLC_281,-11.88883892,B:S57V,B,A,E,-9.6,-2.28883892
282,1MLC_282,-11.95434063,B:T58D,B,A,E,-9.6,-2.35434063
283,1MLC_283,-12.08131133,"A:N32G,A:N92A",B,A,E,-9.6,-2.48131133
284,1MLC_284,-12.27204493,A:N32G,B,A,E,-9.6,-2.67204493
285,1MLC_285,-12.38238685,"B:S57V,B:T58D",B,A,E,-9.6,-2.78238685
286,1MLC_286,-12.64801148,A:N92A,B,A,E,-9.6,-3.04801148
287,1MLC_287,-12.86082803,"A:N92A,B:T28D,B:S57V,B:T58D,B:Y59E",B,A,E,-9.6,-3.26082803
288,1MLC_288,-13.00509781,"A:N92A,B:T28D,B:S57V,B:T58D,A:S91N,A:S93A",B,A,E,-9.6,-3.40509781
289,1MLC_289,-13.12963198,"A:N32G,A:N92A,B:S57V,B:T58D",B,A,E,-9.6,-3.52963198
290,1MLC_290,-13.28752596,"A:N92A,B:T28D,B:S57V,B:T58D",B,A,E,-9.6,-3.68752596
291,1MLC_291,-13.75312551,"A:N92A,B:T28D,B:S57V,B:T58D,B:S30G",B,A,E,-9.6,-4.15312551
292,1MLC_292,-13.7888461,"A:N92A,B:S57V,B:T58D",B,A,E,-9.6,-4.1888461
293,1MLC_293,-13.97896635,"A:N92A,B:T28D,B:S57V,B:T58D,A:N32L",B,A,E,-9.6,-4.37896635
294,1MLC_294,-13.98963667,"A:N92A,B:T28D,B:S57V,B:T58D",B,A,E,-9.6,-4.38963667
295,1MLC_295,-14.13401786,"A:N92A,B:T28D,B:S57V,B:T58D",B,A,E,-9.6,-4.53401786
296,1MLC_296,-14.34858231,"A:N92A,B:T28D,B:S57V,B:T58D,B:E35S,B:G99D",B,A,E,-9.6,-4.74858231
297,1N8Z_297,-9.919835697,B:R50A,B,A,C,-13.4,3.480164303
298,1N8Z_298,-11.09151265,B:R59A,B,A,C,-13.4,2.30848735
299,1N8Z_299,-12.07703559,C:F555A,B,A,C,-13.4,1.32296441
300,1N8Z_300,-12.08131133,C:S551A,B,A,C,-13.4,1.31868867
301,1N8Z_301,-12.10316572,C:V552A,B,A,C,-13.4,1.29683428
302,1N8Z_302,-12.13518362,C:L525A,B,A,C,-13.4,1.26481638
303,1N8Z_303,-12.55894315,B:Y105F,B,A,C,-13.4,0.84105685
304,1N8Z_304,-13.09126056,A:T94S,B,A,C,-13.4,0.30873944
305,1N8Z_305,-13.18102389,B:Y109V,B,A,C,-13.4,0.21897611
306,1N8Z_306,-13.34628343,A:N30S,B,A,C,-13.4,0.05371657
307,1N8Z_307,-13.36228519,"A:N30S,A:H91F,A:Y92W,A:T94S,B:D102W,B:Y105F,B:Y109V",B,A,C,-13.4,0.03771481
308,1N8Z_308,-13.37871372,A:H91F,B,A,C,-13.4,0.02128628
309,1N8Z_309,-13.48770892,"A:N30S,A:H91F,A:Y92W",B,A,C,-13.4,-0.08770892
310,1N8Z_310,-14.12597602,B:D102W,B,A,C,-13.4,-0.72597602
311,1NCA_311,-9.241236444,H:D97K,H,L,N,-11.02,1.778763556
312,1NCA_312,-9.412781167,H:N98Q,H,L,N,-11.02,1.607218833
313,1NCA_313,-9.544923837,H:E96D,H,L,N,-11.02,1.475076163
314,1NCA_314,-9.955396463,H:N31Q,H,L,N,-11.02,1.064603537
315,1NMB_315,-7.057617815,H:D56N,H,L,N,-10.01,2.952382185
316,1NMB_316,-7.057617815,H:D56E,H,L,N,-10.01,2.952382185
317,1NMB_317,-7.870625969,H:Y99A,H,L,N,-10.01,2.139374031
318,1NMB_318,-8.591835915,H:Y100F,H,L,N,-10.01,1.418164085
319,1NMB_319,-9.111225222,L:L94V,H,L,N,-10.01,0.898774778
320,1NMB_320,-9.544923837,L:Y32F,H,L,N,-10.01,0.465076163
321,1NMB_321,-9.827055968,L:T93W,H,L,N,-10.01,0.182944032
322,1NMB_322,-10.03514917,L:T93F,H,L,N,-10.01,-0.02514917
323,1VFB_323,-6.407330115,A:Y32W,B,A,C,-11.47,5.062669885
324,1VFB_324,-6.407330115,A:L46D,B,A,C,-11.47,5.062669885
325,1VFB_325,-6.407330115,A:L46E,B,A,C,-11.47,5.062669885
326,1VFB_326,-6.926008086,"A:W92A,C:I124A",B,A,C,-11.47,4.543991914
327,1VFB_327,-7.257405181,"A:W92A,C:Q121A",B,A,C,-11.47,4.212594819
328,1VFB_328,-7.383052136,"A:W92A,C:R125A",B,A,C,-11.47,4.086947864
329,1VFB_329,-7.406585835,"B:D100A,C:S24A",B,A,C,-11.47,4.063414165
330,1VFB_330,-7.427766713,B:D100A,B,A,C,-11.47,4.042233287
331,1VFB_331,-7.427766713,A:W92A,B,A,C,-11.47,4.042233287
332,1VFB_332,-7.468978943,"A:W92A,C:L129A",B,A,C,-11.47,4.001021057
333,1VFB_333,-7.770890663,A:W92A,B,A,C,-11.47,3.699109337
334,1VFB_334,-7.836582871,B:D100A,B,A,C,-11.47,3.633417129
335,1VFB_335,-7.870625969,"A:Y32A,C:I124A",B,A,C,-11.47,3.599374031
336,1VFB_336,-7.899343684,C:Q121A,B,A,C,-11.47,3.570656316
337,1VFB_337,-8.03982063,"B:Y101F,C:D119A",B,A,C,-11.47,3.43017937
338,1VFB_338,-8.237863943,"B:Y101F,C:V120A",B,A,C,-11.47,3.232136057
339,1VFB_339,-8.528969246,"B:W52A,C:D119A",B,A,C,-11.47,2.941030754
340,1VFB_340,-8.939441872,C:R125A,B,A,C,-11.47,2.530558128
341,1VFB_341,-9.059461024,A:Y32A,B,A,C,-11.47,2.410538976
342,1VFB_342,-9.158625458,A:Y32A,B,A,C,-11.47,2.311374542
343,1VFB_343,-9.190300753,B:Y101F,B,A,C,-11.47,2.279699247
344,1VFB_344,-9.190300753,"A:Y32A,C:Q121A",B,A,C,-11.47,2.279699247
345,1VFB_345,-9.190300753,"B:Y32A,C:K116A",B,A,C,-11.47,2.279699247
346,1VFB_346,-9.341454542,B:E98A,B,A,C,-11.47,2.128545458
347,1VFB_347,-9.510417757,"A:Y50A,C:D18A",B,A,C,-11.47,1.959582243
348,1VFB_348,-9.521697848,"B:D54A,C:T118A",B,A,C,-11.47,1.948302152
349,1VFB_349,-9.544923837,B:Y101F,B,A,C,-11.47,1.925076163
350,1VFB_350,-9.544923837,C:I124A,B,A,C,-11.47,1.925076163
351,1VFB_351,-9.544923837,"A:Y50A,C:D119A",B,A,C,-11.47,1.925076163
352,1VFB_352,-9.653129182,A:H30A,B,A,C,-11.47,1.816870818
353,1VFB_353,-9.653129182,B:Y32A,B,A,C,-11.47,1.816870818
354,1VFB_354,-9.70047018,A:Y49A,B,A,C,-11.47,1.76952982
355,1VFB_355,-9.784738911,B:D54A,B,A,C,-11.47,1.685261089
356,1VFB_356,-9.823253792,C:D119A,B,A,C,-11.47,1.646746208
357,1VFB_357,-9.859391817,B:D54A,B,A,C,-11.47,1.610608183
358,1VFB_358,-9.859391817,C:V120A,B,A,C,-11.47,1.610608183
359,1VFB_359,-9.859391817,B:W52A,B,A,C,-11.47,1.610608183
360,1VFB_360,-9.925376669,C:S24A,B,A,C,-11.47,1.544623331
361,1VFB_361,-10.011246,C:T118A,B,A,C,-11.47,1.458754
362,1VFB_362,-10.03786562,B:Y32A,B,A,C,-11.47,1.43213438
363,1VFB_363,-10.06289133,C:K116A,B,A,C,-11.47,1.40710867
364,1VFB_364,-10.11017323,A:Y50A,B,A,C,-11.47,1.35982677
365,1VFB_365,-10.13370693,B:W52A,B,A,C,-11.47,1.33629307
366,1VFB_366,-10.13370693,B:Y32E,B,A,C,-11.47,1.33629307
367,1VFB_367,-10.15488781,A:S93A,B,A,C,-11.47,1.31511219
368,1VFB_368,-10.25200821,A:Y50A,B,A,C,-11.47,1.21799179
369,1VFB_369,-10.32029377,B:N56A,B,A,C,-11.47,1.14970623
370,1VFB_370,-10.32029377,A:Y50K,B,A,C,-11.47,1.14970623
371,1VFB_371,-10.36586909,C:Y23A,B,A,C,-11.47,1.10413091
372,1VFB_372,-10.3802549,C:N19A,B,A,C,-11.47,1.0897451
373,1VFB_373,-10.39004334,A:T53R,B,A,C,-11.47,1.07995666
374,1VFB_374,-10.43621113,C:D18A,B,A,C,-11.47,1.03378887
375,1VFB_375,-10.5538613,B:T30A,B,A,C,-11.47,0.9161387
376,1VFB_376,-10.59774707,B:R99A,B,A,C,-11.47,0.87225293
377,1VFB_377,-10.60479699,C:L129A,B,A,C,-11.47,0.86520301
378,1VFB_378,-10.70501509,B:D58A,B,A,C,-11.47,0.76498491
379,1VFB_379,-10.80051596,B:R99Y,B,A,C,-11.47,0.66948404
380,1VFB_380,-11.19157089,A:Y50R,B,A,C,-11.47,0.27842911
381,1VFB_381,-11.33092079,B:R99W,B,A,C,-11.47,0.13907921
382,1VFB_382,-11.56501978,A:T52F,B,A,C,-11.47,-0.09501978
383,1VFB_383,-11.72942964,B:G31A,B,A,C,-11.47,-0.25942964
384,1VFB_384,-11.86157231,A:N31W,B,A,C,-11.47,-0.39157231
385,1VFB_385,-11.89194752,B:S28N,B,A,C,-11.47,-0.42194752
386,1VFB_386,-11.95781388,B:S28Q,B,A,C,-11.47,-0.48781388
387,1VFB_387,-11.95781388,B:D58E,B,A,C,-11.47,-0.48781388
388,1VFB_388,-12.03193384,B:G31W,B,A,C,-11.47,-0.56193384
389,1VFB_389,-12.03589497,B:S28D,B,A,C,-11.47,-0.56589497
390,1VFB_390,-12.13990226,B:S28E,B,A,C,-11.47,-0.66990226
391,1VFB_391,-12.16407651,B:D58N,B,A,C,-11.47,-0.69407651
392,1VFB_392,-12.54565624,B:G31E,B,A,C,-11.47,-1.07565624
393,1XGP_393,-8.380854635,B:A33V,B,A,C,-7.2,-1.180854635
394,1XGP_394,-9.427166979,B:A33L,B,A,C,-7.2,-2.227166979
395,1XGP_395,-9.488482405,B:A33I,B,A,C,-7.2,-2.288482405
396,1XGP_396,-11.28893722,B:A33F,B,A,C,-7.2,-4.08893722
397,1XGQ_397,-7.228275367,B:V33A,B,A,C,-8.42,1.191724633
398,1XGQ_398,-9.427166979,B:V33L,B,A,C,-8.42,-1.007166979
399,1XGQ_399,-9.488482405,B:V33I,B,A,C,-8.42,-1.068482405
400,1XGQ_400,-11.28893722,B:V33F,B,A,C,-8.42,-2.86893722
401,1XGR_401,-7.228275367,B:I33A,B,A,C,-9.5,2.271724633
402,1XGR_402,-8.380854635,B:I33V,B,A,C,-9.5,1.119145365
403,1XGR_403,-9.427166979,B:I33L,B,A,C,-9.5,0.072833021
404,1XGR_404,-11.28893722,B:I33F,B,A,C,-9.5,-1.78893722
405,1XGT_405,-7.228275367,B:L33A,B,A,C,-9.41,2.181724633
406,1XGT_406,-8.380854635,B:L33V,B,A,C,-9.41,1.029145365
407,1XGT_407,-9.488482405,B:L33I,B,A,C,-9.41,-0.078482405
408,1XGT_408,-11.28893722,B:L33F,B,A,C,-9.41,-1.87893722
409,1XGU_409,-7.228275367,B:F33A,B,A,C,-11.3,4.071724633
410,1XGU_410,-8.380854635,B:F33V,B,A,C,-11.3,2.919145365
411,1XGU_411,-9.427166979,B:F33L,B,A,C,-11.3,1.872833021
412,1XGU_412,-9.488482405,B:F33I,B,A,C,-11.3,1.811517595
413,1YQV_413,-8.699643857,"Y:R68K,Y:T40S,Y:I55V,Y:S91T",H,L,Y,-14,5.300356143
414,1YQV_414,-9.398736552,"Y:R68K,Y:T40S,Y:I55V,Y:S91T",H,L,Y,-14,4.601263448
415,1YQV_415,-9.70002055,"Y:R68K,Y:T40S,Y:I55V,Y:S91T",H,L,Y,-14,4.29997945
416,1YQV_416,-12.30042494,Y:R45K,H,L,Y,-14,1.69957506
417,1YQV_417,-12.49955895,Y:R45K,H,L,Y,-14,1.50044105
418,1YQV_418,-12.90078499,Y:R45K,H,L,Y,-14,1.09921501
419,1YQV_419,-13.99981585,"Y:R68K,Y:T40S,Y:I55V,Y:S91T,Y:Q121H",H,L,Y,-14,0.00018415
420,1YQV_420,-14.50080103,"Y:R68K,Y:T40S,Y:I55V,Y:S91T,Y:Q121H",H,L,Y,-14,-0.50080103
421,1YQV_421,-14.69952185,"Y:R68K,Y:T40S,Y:I55V,Y:S91T,Y:Q121H",H,L,Y,-14,-0.69952185
422,1YY9_422,-8.108987617,C:T96P,D,C,A,-11.78,3.671012383
423,1YY9_423,-10.46071891,D:Y101P,D,C,A,-11.78,1.31928109
424,1YY9_424,-10.63386721,D:W52P,D,C,A,-11.78,1.14613279
425,1YY9_425,-11.07491111,D:A98P,D,C,A,-11.78,0.70508889
426,1YY9_426,-11.29459329,D:S53P,D,C,A,-11.78,0.48540671
427,1YY9_427,-11.84406797,D:G54P,D,C,A,-11.78,-0.06406797
428,1YY9_428,-12.03988278,C:A25P,D,C,A,-11.78,-0.25988278
429,1YY9_429,-12.08131133,D:L29P,D,C,A,-11.78,-0.30131133
430,1YY9_430,-12.12124917,C:S26P,D,C,A,-11.78,-0.34124917
431,1YY9_431,-12.13050227,C:S54P,D,C,A,-11.78,-0.35050227
432,1YY9_432,-12.33443804,C:S28P,D,C,A,-11.78,-0.55443804
433,1YY9_433,-12.75152735,D:N56A,D,C,A,-11.78,-0.97152735
434,1YY9_434,-12.75152735,D:T61E,D,C,A,-11.78,-0.97152735
435,1YY9_435,-12.89373576,C:S26D,D,C,A,-11.78,-1.11373576
436,1YY9_436,-13.213406,C:T31E,D,C,A,-11.78,-1.433406
437,1YY9_437,-13.34627484,"C:S26D,C:T31E,C:N93A,D:N56A,D:T61E",D,C,A,-11.78,-1.56627484
438,1YY9_438,-13.43635106,C:N93A,D,C,A,-11.78,-1.65635106
439,1YY9_439,-13.51301442,"C:T31E,C:N93A",D,C,A,-11.78,-1.73301442
440,1YY9_440,-14.02742501,"C:S26D,C:T31E,C:N93A",D,C,A,-11.78,-2.24742501
441,2B2X_441,-8.277604857,"H:V50T,H:E64K,L:Q28S,L:Y52N,H:S35Q",H,L,A,-11.95,3.672395143
442,2B2X_442,-8.277604857,"H:V50T,H:E64K,L:Q28S,L:Y52N,L:S91R",H,L,A,-11.95,3.672395143
443,2B2X_443,-8.277604857,"H:V50T,H:E64K,L:Q28S,L:Y52N,L:S91R,L:N30E",H,L,A,-11.95,3.672395143
444,2B2X_444,-8.277604857,"H:V50T,H:E64K,L:Q28S,L:Y52N,H:T33N",H,L,A,-11.95,3.672395143
445,2B2X_445,-8.277604857,"H:V50T,H:E64K,L:Q28S,L:Y52N,H:G100L",H,L,A,-11.95,3.672395143
446,2B2X_446,-8.277604857,"H:E64K,L:Q28S,L:Y52N,H:S35V",H,L,A,-11.95,3.672395143
447,2B2X_447,-8.688077483,"H:V50T,H:E64K,L:Q28S,L:Y52N,L:S91T",H,L,A,-11.95,3.261922517
448,2B2X_448,-8.928885677,"H:V50T,H:E64K,L:Q28S,L:Y52N,H:S52M",H,L,A,-11.95,3.021114323
449,2B2X_449,-8.928885677,"H:V50T,H:E64K,L:Q28S,L:Y52N,H:Y58Q",H,L,A,-11.95,3.021114323
450,2B2X_450,-8.928885677,"H:V50T,H:E64K,L:Q28S,L:Y52N,H:Y58E",H,L,A,-11.95,3.021114323
451,2B2X_451,-8.928885677,"H:V50T,H:E64K,L:Q28S,L:Y52N,L:W90Q",H,L,A,-11.95,3.021114323
452,2B2X_452,-8.928885677,"H:E64K,L:Q28S,L:Y52N,H:S35A",H,L,A,-11.95,3.021114323
453,2B2X_453,-9.097158365,"H:V50T,H:E64K,L:Q28S,L:Y52N,L:N30Y",H,L,A,-11.95,2.852841635
454,2B2X_454,-9.097158365,"H:V50T,H:E64K,L:Q28S,L:Y52N,L:L49W",H,L,A,-11.95,2.852841635
455,2B2X_455,-9.097158365,"H:V50T,H:E64K,L:Q28S,L:Y52N,H:T33I,H:S52T,H:G53N,H:G54N",H,L,A,-11.95,2.852841635
456,2B2X_456,-9.230692779,"H:V50T,H:E64K,L:Q28S,L:Y52N,L:S91Q",H,L,A,-11.95,2.719307221
457,2B2X_457,-9.337269459,"H:E64K,L:Q28S,L:Y52N,H:G102S",H,L,A,-11.95,2.612730541
458,2B2X_458,-9.337269459,"H:V50T,H:E64K,L:Q28S,L:Y52N,H:T33E,H:G53Q",H,L,A,-11.95,2.612730541
459,2B2X_459,-9.432040972,"H:V50T,H:E64K,L:Q28S,L:Y52N,L:N30W",H,L,A,-11.95,2.517959028
460,2B2X_460,-9.432040972,"H:V50T,H:E64K,L:Q28S,L:Y52N,L:G92Q",H,L,A,-11.95,2.517959028
461,2B2X_461,-9.432040972,"H:V50T,H:E64K,L:Q28S,L:Y52N,H:S35A",H,L,A,-11.95,2.517959028
462,2B2X_462,-9.432040972,"H:V50T,H:E64K,L:Q28S,L:Y52N,H:S35A,H:G102S",H,L,A,-11.95,2.517959028
463,2B2X_463,-9.579051038,"H:V50T,H:E64K,L:Q28S,L:Y52N,H:S35V,H:G102S",H,L,A,-11.95,2.370948962
464,2B2X_464,-9.641165405,"H:V50T,H:E64K,L:Q28S,L:Y52N,H:G54I",H,L,A,-11.95,2.308834595
465,2B2X_465,-9.697397868,"H:V50T,H:E64K,L:Q28S,L:Y52N,H:R31Q",H,L,A,-11.95,2.252602132
466,2B2X_466,-9.74941257,"H:V50T,H:E64K,L:Q28S,L:Y52N,L:H31W",H,L,A,-11.95,2.20058743
467,2B2X_467,-9.74941257,"H:V50T,H:E64K,L:Q28S,L:Y52N,H:G53N",H,L,A,-11.95,2.20058743
468,2B2X_468,-9.74941257,"H:V50T,H:E64K,L:Q28S,L:Y52N,H:T33I,H:S52T,H:G53Q,H:G54F",H,L,A,-11.95,2.20058743
469,2B2X_469,-9.840559184,"H:V50T,H:E64K,L:Q28S,L:Y52N,L:H31K",H,L,A,-11.95,2.109440816
470,2B2X_470,-9.840559184,"H:V50T,H:E64K,L:Q28S,L:Y52N,H:G54T",H,L,A,-11.95,2.109440816
471,2B2X_471,-9.880928256,"H:V50T,H:E64K,L:Q28S,L:Y52N,L:H31R",H,L,A,-11.95,2.069071744
472,2B2X_472,-9.955396463,"H:V50T,H:E64K,L:Q28S,L:Y52N,L:N30V",H,L,A,-11.95,1.994603537
473,2B2X_473,-10.08018268,"H:V50T,H:E64K,L:Q28S,L:Y52N,L:L49K",H,L,A,-11.95,1.86981732
474,2B2X_474,-10.13370693,"H:V50T,H:E64K,L:Q28S,L:Y52N,L:W90Q,L:F33Y",H,L,A,-11.95,1.81629307
475,2B2X_475,-10.1598852,"H:V50T,H:E64K,L:Q28S,L:Y52R",H,L,A,-11.95,1.7901148
476,2B2X_476,-10.1837807,"H:V50T,H:E64K,L:Q28S,L:Y52N,H:Y58W",H,L,A,-11.95,1.7662193
477,2B2X_477,-10.20686737,"H:V50T,H:E64K,L:Q28S,L:Y52N,L:L49K",H,L,A,-11.95,1.74313263
478,2B2X_478,-10.25005702,"H:V50T,H:E64K,L:Q28S,L:Y52N,H:F99Y",H,L,A,-11.95,1.69994298
479,2B2X_479,-10.25005702,"H:V50T,H:E64K,L:Q28S,L:Y52N,H:F99Y",H,L,A,-11.95,1.69994298
480,2B2X_480,-10.29244623,"H:V50T,H:E64K,L:Q28S,L:Y52N,L:L49F",H,L,A,-11.95,1.65755377
481,2B2X_481,-10.32913255,"H:V50T,H:E64K,L:Q28S,L:Y52N,H:G53S",H,L,A,-11.95,1.62086745
482,2B2X_482,-10.34721599,"H:V50T,H:E64K,L:Q28S,L:Y52K",H,L,A,-11.95,1.60278401
483,2B2X_483,-10.43090001,"H:V50T,H:E64K,L:Q28S,L:Y52N,H:G100F",H,L,A,-11.95,1.51909999
484,2B2X_484,-10.44697846,"H:V50T,H:E64K,L:Q28S,L:Y52N,H:G100S",H,L,A,-11.95,1.50302154
485,2B2X_485,-10.46071891,"H:V50T,H:E64K,L:Q28S,L:Y52N,H:Y59E",H,L,A,-11.95,1.48928109
486,2B2X_486,-10.4921193,"H:V50T,H:E64K,L:Q28S,L:Y52N,L:G92S",H,L,A,-11.95,1.4578807
487,2B2X_487,-10.4921193,"H:V50T,H:E64K,L:Q28S,L:Y52N,H:G53A",H,L,A,-11.95,1.4578807
488,2B2X_488,-10.50396344,"H:V50T,H:E64K,L:Q28S,L:Y52D",H,L,A,-11.95,1.44603656
489,2B2X_489,-10.57035782,"H:V50T,H:E64K,L:Q28S,L:Y52N,H:T33V",H,L,A,-11.95,1.37964218
490,2B2X_490,-10.57035782,"H:V50T,H:E64K,L:Q28S,L:Y52N,L:N30Y,L:S91I",H,L,A,-11.95,1.37964218
491,2B2X_491,-10.80051596,"H:V50T,H:E64K,L:Q28S,L:Y52N,H:G100F",H,L,A,-11.95,1.14948404
492,2B2X_492,-10.90259193,"H:V50T,H:E64K,L:Q28S,L:Y52N,H:G100M",H,L,A,-11.95,1.04740807
493,2B2X_493,-10.90259193,"H:V50T,H:E64K,L:Q28S,L:Y52N,H:G100M",H,L,A,-11.95,1.04740807
494,2B2X_494,-10.96173661,"H:V50T,H:E64Q,L:Q28S,L:Y52N,H:L60D",H,L,A,-11.95,0.98826339
495,2B2X_495,-11.00472595,"H:V50T,H:E64K,L:Q28S,L:Y52N",H,L,A,-11.95,0.94527405
496,2B2X_496,-11.00472595,"H:V50T,H:E64K,L:Q28S,L:Y52N,H:F99W",H,L,A,-11.95,0.94527405
497,2B2X_497,-11.00472595,"H:V50T,H:E64K,L:Q28S,L:Y52N,H:G54Y",H,L,A,-11.95,0.94527405
498,2B2X_498,-11.00472595,"H:V50T,H:E64K,L:Q28S,L:Y52N,H:F99W",H,L,A,-11.95,0.94527405
499,2B2X_499,-11.00472595,"H:E64K,L:Q28S,L:Y52N",H,L,A,-11.95,0.94527405
500,2B2X_500,-11.00472595,"H:V50T,H:E64K,L:Q28S,L:Y52N,H:L60D",H,L,A,-11.95,0.94527405
501,2B2X_501,-11.00472595,"H:V50T,L:Q28S,L:Y52N",H,L,A,-11.95,0.94527405
502,2B2X_502,-11.00472595,"H:V50T,H:E64Q,L:Q28S,L:Y52N",H,L,A,-11.95,0.94527405
503,2B2X_503,-11.00472595,"H:V50T,H:E64N,L:Q28S,L:Y52N",H,L,A,-11.95,0.94527405
504,2B2X_504,-11.00472595,"H:V50T,H:E64K,L:Q28S",H,L,A,-11.95,0.94527405
505,2B2X_505,-11.00472595,"H:V50T,H:E64K,L:Q28S,L:Y52E",H,L,A,-11.95,0.94527405
506,2B2X_506,-11.00472595,"H:V50T,H:E64K,L:Q28S,L:Y52N,H:F99W",H,L,A,-11.95,0.94527405
507,2B2X_507,-11.00472595,"H:V50T,H:E64K,L:Q28S,L:Y52N,H:G54Y",H,L,A,-11.95,0.94527405
508,2B2X_508,-11.00472595,"H:V50T,H:E64K,L:Q28S,L:Y52N,H:F99W",H,L,A,-11.95,0.94527405
509,2B2X_509,-11.00472595,"L:Q28S,L:Y52N",H,L,A,-11.95,0.94527405
510,2B2X_510,-11.07178197,"H:V50T,H:E64K,L:Q28S,L:Y52N,L:S24R",H,L,A,-11.95,0.87821803
511,2B2X_511,-11.07726885,"H:V50T,H:E64N,L:Q28S,L:Y52N",H,L,A,-11.95,0.87273115
512,2B2X_512,-11.10797573,"H:V50T,H:E64K,L:Q28S",H,L,A,-11.95,0.84202427
513,2B2X_513,-11.12736579,"H:V50T,H:E64K,L:Q28S,L:Y52N,H:L60D",H,L,A,-11.95,0.82263421
514,2B2X_514,-11.12736579,"H:V50T,H:E64D,L:Q28S,L:Y52N",H,L,A,-11.95,0.82263421
515,2B2X_515,-11.14652644,"H:V50T,L:Q28S,L:Y52N,H:L60D",H,L,A,-11.95,0.80347356
516,2B2X_516,-11.15995529,"H:V50T,L:Q28S,L:Y52N",H,L,A,-11.95,0.79004471
517,2B2X_517,-11.15995529,"H:V50T,H:E64Q,L:Q28S,L:Y52N",H,L,A,-11.95,0.79004471
518,2B2X_518,-11.1820957,"H:V50T,H:E64K,L:Q28S,L:Y52E",H,L,A,-11.95,0.7679043
519,2B2X_519,-11.22497004,"H:V50T,H:E64D,L:Q28S,L:Y52N",H,L,A,-11.95,0.72502996
520,2B2X_520,-11.26792372,"H:E64K,L:Q28S,L:Y52N",H,L,A,-11.95,0.68207628
521,2B2X_521,-11.36576536,"L:Q28S,L:Y52N",H,L,A,-11.95,0.58423464
522,2B2X_522,-11.3683345,"H:V50T,H:E64K,L:Q28S,L:Y52N,L:S24R",H,L,A,-11.95,0.5816655
523,2B2X_523,-11.6708387,"H:V50T,H:E64K,L:Y52N",H,L,A,-11.95,0.2791613
524,2B2X_524,-11.69940984,"H:E64K,L:Y52N",H,L,A,-11.95,0.25059016
525,2B2X_525,-11.86157231,"H:V50T,H:E64K,L:Y52N",H,L,A,-11.95,0.08842769
526,2B2X_526,-11.86157231,"H:V50T,L:Y52N",H,L,A,-11.95,0.08842769
527,2B2X_527,-11.95781388,H:V50T,H,L,A,-11.95,-0.00781388
528,2B2X_528,-11.95781388,H:E64K,H,L,A,-11.95,-0.00781388
529,2B2X_529,-12.08995655,H:V50T,H,L,A,-11.95,-0.13995655
530,2B2X_530,-12.20493318,H:E64K,H,L,A,-11.95,-0.25493318
531,2B2X_531,-12.27204493,L:Y52E,H,L,A,-11.95,-0.32204493
532,2BDN_532,-8.91441617,L:N31K,H,L,A,-15.46,6.54558383
533,2BDN_533,-11.00472595,H:N28Q,H,L,A,-15.46,4.45527405
534,2BDN_534,-11.31895701,H:D31E,H,L,A,-15.46,4.14104299
535,2BDN_535,-11.53017521,H:L27K,H,L,A,-15.46,3.92982479
536,2BDN_536,-11.72942964,L:Y30K,H,L,A,-15.46,3.73057036
537,2BDN_537,-11.75360388,H:L27R,H,L,A,-15.46,3.70639612
538,2BDN_538,-12.27204493,H:N28D,H,L,A,-15.46,3.18795507
539,2BDN_539,-12.5647607,L:S53D,H,L,A,-15.46,2.8952393
540,2BDN_540,-12.8296531,L:T56D,H,L,A,-15.46,2.6303469
541,2BDN_541,-13.09299019,L:T56E,H,L,A,-15.46,2.36700981
542,2BDN_542,-13.25550807,L:S53E,H,L,A,-15.46,2.20449193
543,2BDN_543,-13.32137442,L:N31R,H,L,A,-15.46,2.13862558
544,2JEL_544,-4.803658473,P:T34N,H,L,P,-11.49,6.686341527
545,2JEL_545,-7.530779569,P:Q3K,H,L,P,-11.49,3.959220431
546,2JEL_546,-7.530779569,P:S64T,H,L,P,-11.49,3.959220431
547,2JEL_547,-7.530779569,P:E66K,H,L,P,-11.49,3.959220431
548,2JEL_548,-7.530779569,P:E70K,H,L,P,-11.49,3.959220431
549,2JEL_549,-8.894340117,P:E70A,H,L,P,-11.49,2.595659883
550,2JEL_550,-8.894340117,P:Q71E,H,L,P,-11.49,2.595659883
551,2JEL_551,-8.894340117,P:E75R,H,L,P,-11.49,2.595659883
552,2JEL_552,-9.002308541,P:F2W,H,L,P,-11.49,2.487691459
553,2JEL_553,-10.125758,P:S41C,H,L,P,-11.49,1.364242
554,2JEL_554,-10.25790067,P:Q4K,H,L,P,-11.49,1.23209933
555,2JEL_555,-10.66837329,P:D69E,H,L,P,-11.49,0.82162671
556,2JEL_556,-10.90848439,P:E5Q,H,L,P,-11.49,0.58151561
557,2JEL_557,-11.21098859,P:E5D,H,L,P,-11.49,0.27901141
558,2JEL_558,-11.21098859,P:T7N,H,L,P,-11.49,0.27901141
559,2JEL_559,-11.21098859,P:T36Q,H,L,P,-11.49,0.27901141
560,2JEL_560,-11.21098859,P:E68A,H,L,P,-11.49,0.27901141
561,2JEL_561,-11.21098859,P:K72E,H,L,P,-11.49,0.27901141
562,2JEL_562,-11.21098859,P:K79E,H,L,P,-11.49,0.27901141
563,2JEL_563,-11.62146121,P:F2Y,H,L,P,-11.49,-0.13146121
564,2JEL_564,-11.62146121,P:V6F,H,L,P,-11.49,-0.13146121
565,2JEL_565,-11.62146121,P:T7S,H,L,P,-11.49,-0.13146121
566,2JEL_566,-11.62146121,P:P11E,H,L,P,-11.49,-0.13146121
567,2JEL_567,-11.62146121,P:N12D,H,L,P,-11.49,-0.13146121
568,2JEL_568,-11.62146121,P:R17G,H,L,P,-11.49,-0.13146121
569,2JEL_569,-11.62146121,P:R17K,H,L,P,-11.49,-0.13146121
570,2JEL_570,-11.62146121,P:K24E,H,L,P,-11.49,-0.13146121
571,2JEL_571,-11.62146121,P:K27E,H,L,P,-11.49,-0.13146121
572,2JEL_572,-11.62146121,P:T34Q,H,L,P,-11.49,-0.13146121
573,2JEL_573,-11.62146121,P:N38T,H,L,P,-11.49,-0.13146121
574,2JEL_574,-11.62146121,P:S43C,H,L,P,-11.49,-0.13146121
575,2JEL_575,-11.62146121,P:S46C,H,L,P,-11.49,-0.13146121
576,2JEL_576,-11.62146121,P:T62N,H,L,P,-11.49,-0.13146121
577,2JEL_577,-11.62146121,P:T62A,H,L,P,-11.49,-0.13146121
578,2JEL_578,-11.62146121,P:K72R,H,L,P,-11.49,-0.13146121
579,2JEL_579,-11.62146121,P:A82S,H,L,P,-11.49,-0.13146121
580,2JEL_580,-11.62146121,P:E83A,H,L,P,-11.49,-0.13146121
581,2JEL_581,-11.62146121,P:E85Q,H,L,P,-11.49,-0.13146121
582,2JEL_582,-11.62146121,P:E85D,H,L,P,-11.49,-0.13146121
583,2JEL_583,-11.62146121,P:E85A,H,L,P,-11.49,-0.13146121
584,2JEL_584,-11.62146121,P:E85K,H,L,P,-11.49,-0.13146121
585,2JEL_585,-12.03193384,P:Q57E,H,L,P,-11.49,-0.54193384
586,2JEL_586,-12.03193384,P:H76A,H,L,P,-11.49,-0.54193384
587,2JEL_587,-12.27204493,P:H76D,H,L,P,-11.49,-0.78204493
588,2NY7_588,-8.985955203,"G:W95M,G:M433A,G:C96W,G:C275V",H,L,G,-10.14234688,1.156391677
589,2NY7_589,-9.592373425,"G:W95M,G:M433A,G:C96W,G:C275V,G:K231C,G:E267C",H,L,G,-10.14234688,0.549973455
590,2NY7_590,-9.694341413,"G:W95M,G:M433A,G:C96W,G:C275V,G:C109I,G:C428Q",H,L,G,-10.14234688,0.448005467
591,2NY7_591,-9.743586371,"G:K231C,G:E267C,G:W95M,G:M433A,G:C96W,G:C275V,G:C109I,G:C428Q",H,L,G,-10.14234688,0.398760509
592,2NY7_592,-9.843493229,"G:K231C,G:E268C,G:W95M,G:M433A,G:C96W,G:C275V,G:C109I,G:C428Q",H,L,G,-10.14234688,0.298853651
593,2NY7_593,-9.928763828,"G:G431C,G:W95M,G:M433A,G:C96W,G:C275V,G:C109I,G:C428Q",H,L,G,-10.14234688,0.213583052
594,2NY7_594,-9.940196362,"G:C109I,G:C428Q,G:M433A",H,L,G,-10.14234688,0.202150518
595,2NY7_595,-9.943669608,"G:C109I,G:C428Q",H,L,G,-10.14234688,0.198677272
596,2NY7_596,-10.10253201,"G:K231C,G:E267C,G:C109I,G:C428Q",H,L,G,-10.14234688,0.03981487
597,2NY7_597,-10.44697846,"G:W95M,G:S257T,G:W375S,G:M433A,G:C96W,G:C275V,G:C109I,G:C428Q",H,L,G,-10.14234688,-0.30463158
598,2NY7_598,-10.52218601,"G:G431C,G:M433A",H,L,G,-10.14234688,-0.37983913
599,2NYY_599,-6.093406433,A:H1064A,D,C,A,-15.72,9.626593567
600,2NYY_600,-9.354332762,A:F953A,D,C,A,-15.72,6.365667238
601,2NYY_601,-10.57370336,A:E920A,D,C,A,-15.72,5.14629664
602,2NYY_602,-10.82362493,A:L919A,D,C,A,-15.72,4.89637507
603,2NYY_603,-10.88304184,A:D1062A,D,C,A,-15.72,4.83695816
604,2NYY_604,-11.78196444,A:T1063A,D,C,A,-15.72,3.93803556
605,2NYY_605,-12.52239507,A:N918A,D,C,A,-15.72,3.19760493
606,2NYY_606,-12.59271302,A:R1061A,D,C,A,-15.72,3.12728698
607,2NYY_607,-12.64516875,C:D30Y,D,C,A,-15.72,3.07483125
608,2NYY_608,-12.76661816,D:Y57Q,D,C,A,-15.72,2.95338184
609,2NYY_609,-12.87292157,C:S28Q,D,C,A,-15.72,2.84707843
610,2NYY_610,-12.89202106,A:Q915A,D,C,A,-15.72,2.82797894
611,2NYY_611,-12.99346962,A:F917A,D,C,A,-15.72,2.72653038
612,2NYY_612,-13.11330346,A:R1294A,D,C,A,-15.72,2.60669654
613,2NYY_613,-13.12184907,A:K903A,D,C,A,-15.72,2.59815093
614,2NYY_614,-13.15732992,D:Y31Q,D,C,A,-15.72,2.56267008
615,2NYY_615,-13.18541967,C:H34R,D,C,A,-15.72,2.53458033
616,2NYY_616,-13.2149184,D:K30R,D,C,A,-15.72,2.5050816
617,2NYY_617,-13.22167953,D:Y31D,D,C,A,-15.72,2.49832047
618,2NYY_618,-13.31348733,A:N954A,D,C,A,-15.72,2.40651267
619,2NYY_619,-13.3461742,D:M34Q,D,C,A,-15.72,2.3738258
620,2NYY_620,-13.36322503,"D:K30S,D:Y31D,D:D32H,D:S61P",D,C,A,-15.72,2.35677497
621,2NYY_621,-13.40349864,A:D1058A,D,C,A,-15.72,2.31650136
622,2NYY_622,-13.41283554,A:S955A,D,C,A,-15.72,2.30716446
623,2NYY_623,-13.42232305,A:I956A,D,C,A,-15.72,2.29767695
624,2NYY_624,-13.44176986,A:K1056A,D,C,A,-15.72,2.27823014
625,2NYY_625,-13.46188164,"D:V37I,D:E6Q",D,C,A,-15.72,2.25811836
626,2NYY_626,-13.55298138,A:K923A,D,C,A,-15.72,2.16701862
627,2NYY_627,-13.62600703,D:V37I,D,C,A,-15.72,2.09399297
628,2NYY_628,-13.639687,C:S31N,D,C,A,-15.72,2.080313
629,2NYY_629,-13.64315729,A:S902A,D,C,A,-15.72,2.07684271
630,2NYY_630,-13.66082266,D:E6Q,D,C,A,-15.72,2.05917734
631,2NZ9_631,-5.943522039,A:H1064A,D,C,A,-15.12,9.176477961
632,2NZ9_632,-10.02278597,A:F953A,D,C,A,-15.12,5.09721403
633,2NZ9_633,-10.59286507,A:E920A,D,C,A,-15.12,4.52713493
634,2NZ9_634,-10.9928431,A:T1063A,D,C,A,-15.12,4.1271569
635,2NZ9_635,-11.02362179,A:D1062A,D,C,A,-15.12,4.09637821
636,2NZ9_636,-11.08326019,A:L919A,D,C,A,-15.12,4.03673981
637,2NZ9_637,-11.2031932,A:N918A,D,C,A,-15.12,3.9168068
638,2NZ9_638,-12.82252395,A:K903A,D,C,A,-15.12,2.29747605
639,2NZ9_639,-12.97306714,A:R1294A,D,C,A,-15.12,2.14693286
640,2NZ9_640,-13.07234406,A:R1061A,D,C,A,-15.12,2.04765594
641,2NZ9_641,-13.26396449,A:Q915A,D,C,A,-15.12,1.85603551
642,2NZ9_642,-13.29394359,A:I956A,D,C,A,-15.12,1.82605641
643,2NZ9_643,-13.37193945,A:K1056A,D,C,A,-15.12,1.74806055
644,2NZ9_644,-13.39430764,A:D1058A,D,C,A,-15.12,1.72569236
645,2NZ9_645,-13.41283554,A:F917A,D,C,A,-15.12,1.70716446
646,2NZ9_646,-13.41283554,"D:S30K,D:D31Y,D:H32D",D,C,A,-15.12,1.70716446
647,2NZ9_647,-13.44176986,A:S955A,D,C,A,-15.12,1.67823014
648,2NZ9_648,-13.48270549,A:S902A,D,C,A,-15.12,1.63729451
649,2NZ9_649,-13.51539237,A:N954A,D,C,A,-15.12,1.60460763
650,2NZ9_650,-13.6629786,A:K923A,D,C,A,-15.12,1.4570214
651,2VIR_651,-7.360418037,C:T131I,B,A,C,-12.27,4.909581963
652,2VIR_652,-8.591835915,C:S157L,B,A,C,-12.27,3.678164085
653,2VIS_653,-12.27204493,C:I131T,B,A,C,-7.36,-4.91204493
654,3BDY_654,-9.867504092,"L:D27N,L:P27A,L:R27K,L:S28T,L:Y53F,L:T93S,L:T94S",H,L,V,-8.89,-0.977504092
655,3BDY_655,-10.01265334,"L:D27N,L:P27A,L:R27K,L:S28T,L:T93S,L:T94S",H,L,V,-8.89,-1.12265334
656,3BDY_656,-11.62146121,"L:D27N,L:P27A,L:R27K,L:S28T,L:Y53F,L:T93S,L:T94S,H:K30S,H:D31G,H:T53S,H:N54E,H:G96V,H:D98V",H,L,V,-8.89,-2.73146121
657,3BDY_657,-11.75906374,"L:D27N,L:P27A,L:R27K,L:S28T,L:T93S,L:T94S,H:K30S,H:D31G,H:T53S,H:N54E,H:G96V,H:D98V",H,L,V,-8.89,-2.86906374
658,3BDY_658,-11.81645217,"L:D27N,L:P27A,L:R27K,L:S28T,L:T93S,L:T94S,H:K30S,H:D31G,H:T53S,H:N54E,H:G96V,H:D98V,H:R50A,H:R58A",H,L,V,-8.89,-2.92645217
659,3BE1_659,-11.21098859,"L:D27N,L:P27A,L:R27K,L:S28T,L:Y53F,L:T93S,L:T94S",H,L,A,-10.34,-0.87098859
660,3BE1_660,-11.36023231,"L:D27N,L:P27A,L:R27K,L:S28T,L:T93S,L:T94S",H,L,A,-10.34,-1.02023231
661,3BE1_661,-13.22513286,"L:D27N,L:P27A,L:R27K,L:S28T,L:Y53F,L:T93S,L:T94S,H:K30S,H:D31G,H:T53S,H:N54E,H:G96V,H:D98V",H,L,A,-10.34,-2.88513286
662,3BE1_662,-13.44703106,"L:D27N,L:P27A,L:R27K,L:S28T,L:T93S,L:T94S,H:K30S,H:D31G,H:T53S,H:N54E,H:G96V,H:D98V",H,L,A,-10.34,-3.10703106
663,3BE1_663,-13.44703106,"L:D27N,L:P27A,L:R27K,L:S28T,L:T93S,L:T94S,H:K30S,H:D31G,H:T53S,H:N54E,H:G96V,H:D98V,L:Y32A,L:I29A",H,L,A,-10.34,-3.10703106
664,3BE1_664,-13.86439081,"L:D27N,L:P27A,L:R27K,L:S28T,L:T93S,L:T94S,H:K30S,H:D31G,H:T53S,H:N54E,H:G96V,H:D98V,L:Y32A",H,L,A,-10.34,-3.52439081
665,3BN9_665,-8.181363289,B:D96A,D,C,B,-14.88,6.698636711
666,3BN9_666,-8.181363289,B:F97A,D,C,B,-14.88,6.698636711
667,3BN9_667,-12.09432695,D:P100H,D,C,B,-14.88,2.78567305
668,3BN9_668,-12.36759022,B:Q175A,D,C,B,-14.88,2.51240978
669,3BN9_669,-13.29747892,D:Q100V,D,C,B,-14.88,1.58252108
670,3BN9_670,-13.33547478,D:S30G,D,C,B,-14.88,1.54452522
671,3BN9_671,-13.37607669,D:S30N,D,C,B,-14.88,1.50392331
672,3BN9_672,-13.74452216,B:T98A,D,C,B,-14.88,1.13547784
673,3BN9_673,-13.7919224,B:Y146A,D,C,B,-14.88,1.0880776
674,3BN9_674,-14.04135946,B:I60A,D,C,B,-14.88,0.83864054
675,3BN9_675,-14.0628959,D:Y99S,D,C,B,-14.88,0.8171041
676,3BN9_676,-14.09160605,B:K224A,D,C,B,-14.88,0.78839395
677,3BN9_677,-14.10323059,B:N95A,D,C,B,-14.88,0.77676941
678,3BN9_678,-14.17086433,B:Q221A,D,C,B,-14.88,0.70913567
679,3BN9_679,-14.1886758,D:T28R,D,C,B,-14.88,0.6913242
680,3BN9_680,-14.23733306,B:F94A,D,C,B,-14.88,0.64266694
681,3BN9_681,-14.31036345,B:D217A,D,C,B,-14.88,0.56963655
682,3BN9_682,-14.45418671,B:D60A,D,C,B,-14.88,0.42581329
683,3BN9_683,-14.50335908,B:E169A,D,C,B,-14.88,0.37664092
684,3BN9_684,-14.54038281,B:L153A,D,C,B,-14.88,0.33961719
685,3BN9_685,-14.54311809,D:T98Q,D,C,B,-14.88,0.33688191
686,3BN9_686,-14.56546741,B:D60A,D,C,B,-14.88,0.31453259
687,3BN9_687,-14.57987656,D:T98R,D,C,B,-14.88,0.30012344
688,3BN9_688,-14.58573985,B:T150A,D,C,B,-14.88,0.29426015
689,3BN9_689,-14.74347017,B:Q145A,D,C,B,-14.88,0.13652983
690,3BN9_690,-14.79151165,B:H143A,D,C,B,-14.88,0.08848835
691,3BN9_691,-14.85762337,B:Y60A,D,C,B,-14.88,0.02237663
692,3BN9_692,-14.87657497,B:I41A,D,C,B,-14.88,0.00342503
693,3BN9_693,-14.91127366,B:Q174A,D,C,B,-14.88,-0.03127366
694,3BN9_694,-14.92157282,B:R60A,D,C,B,-14.88,-0.04157282
695,3BN9_695,-14.92157282,B:F60A,D,C,B,-14.88,-0.04157282
696,3BN9_696,-14.94813273,B:R60A,D,C,B,-14.88,-0.06813273
697,3BN9_697,-14.97027314,B:R222A,D,C,B,-14.88,-0.09027314
698,3BN9_698,-15.03580783,B:R87A,D,C,B,-14.88,-0.15580783
699,3BN9_699,-15.2918818,B:Q38A,D,C,B,-14.88,-0.4118818
700,3G6D_700,-10.01778957,"L:E3V,L:G76R,L:T77V,L:Q78E,L:E80G,H:F103A,H:H104A,H:W105A",H,L,A,-14.64540883,4.62761926
701,3G6D_701,-13.84009421,"L:T89S,L:M92I,L:V93D,L:T94K",H,L,A,-14.64540883,0.80531462
702,3G6D_702,-14.36661985,"L:E3V,L:G76R,L:T77V,L:Q78E,L:E80G,L:T89S,L:M92I,L:V93D,L:T94K",H,L,A,-14.64540883,0.27878898
703,3G6D_703,-14.49825399,"L:E3V,L:G76R,L:T77V,L:Q78E,L:E80G",H,L,A,-14.64540883,0.14715484
704,3G6D_704,-14.52689278,"L:E3V,L:G76R,L:T77V,L:Q78E,L:E80G,H:D54N",H,L,A,-14.64540883,0.11851605
705,3G6D_705,-14.77101871,"H:K210T,H:K215T",H,L,A,-14.64540883,-0.12560988
706,3G6D_706,-15.59115882,H:H104A,H,L,A,-14.64540883,-0.94574999
707,3G6D_707,-16.13457926,H:W105A,H,L,A,-14.64540883,-1.48917043
708,3HFM_708,-6.407330115,"H:Y50A,Y:R21A",H,L,Y,-14.35,7.942669885
709,3HFM_709,-6.618548316,"L:Y50A,Y:K96A",H,L,Y,-14.35,7.731451684
710,3HFM_710,-6.618548316,"H:W98A,Y:K96A",H,L,Y,-14.35,7.731451684
711,3HFM_711,-6.88019585,"L:N31A,Y:K96A",H,L,Y,-14.35,7.46980415
712,3HFM_712,-7.029020942,"L:Y50A,Y:K97A",H,L,Y,-14.35,7.320979058
713,3HFM_713,-7.029020942,H:Y50A,H,L,Y,-14.35,7.320979058
714,3HFM_714,-7.029020942,Y:K96M,H,L,Y,-14.35,7.320979058
715,3HFM_715,-7.037541763,Y:K97D,H,L,Y,-14.35,7.312458237
716,3HFM_716,-7.120306943,"H:Y33A,Y:K97A",H,L,Y,-14.35,7.229693057
717,3HFM_717,-7.360418037,Y:K96A,H,L,Y,-14.35,6.989581963
718,3HFM_718,-7.360418037,Y:K96A,H,L,Y,-14.35,6.989581963
719,3HFM_719,-7.375410909,Y:K97G,H,L,Y,-14.35,6.974589091
720,3HFM_720,-7.982108864,"L:Y50A,Y:R21A",H,L,Y,-14.35,6.367891136
721,3HFM_721,-8.119562663,"H:W98F,Y:Y20A",H,L,Y,-14.35,6.230437337
722,3HFM_722,-8.124921856,"L:Y50F,Y:Y20A",H,L,Y,-14.35,6.225078144
723,3HFM_723,-8.181363289,Y:K97A,H,L,Y,-14.35,6.168636711
724,3HFM_724,-8.250373079,Y:K97A,H,L,Y,-14.35,6.099626921
725,3HFM_725,-8.313505959,H:Y33A,H,L,Y,-14.35,6.036494041
726,3HFM_726,-8.493820445,Y:K96R,H,L,Y,-14.35,5.856179555
727,3HFM_727,-8.591835915,"L:Y96A,Y:R21A",H,L,Y,-14.35,5.758164085
728,3HFM_728,-8.641213405,L:N31E,H,L,Y,-14.35,5.708786595
729,3HFM_729,-8.705470753,H:Y53A,H,L,Y,-14.35,5.644529247
730,3HFM_730,-8.837898685,H:W98A,H,L,Y,-14.35,5.512101315
731,3HFM_731,-9.107013985,H:Y50L,H,L,Y,-14.35,5.242986015
732,3HFM_732,-9.134451211,L:N31A,H,L,Y,-14.35,5.215548789
733,3HFM_733,-9.241236444,L:N32A,H,L,Y,-14.35,5.108763556
734,3HFM_734,-9.457031466,"H:D32N,Y:K97A",H,L,Y,-14.35,4.892968534
735,3HFM_735,-9.472548166,Y:Y20A,H,L,Y,-14.35,4.877451834
736,3HFM_736,-9.57529905,Y:Y20A,H,L,Y,-14.35,4.77470095
737,3HFM_737,-9.756142038,"H:D32A,Y:K97A",H,L,Y,-14.35,4.593857962
738,3HFM_738,-9.790986607,L:Y50A,H,L,Y,-14.35,4.559013393
739,3HFM_739,-9.948912383,H:Y33L,H,L,Y,-14.35,4.401087617
740,3HFM_740,-9.955396463,L:Y50L,H,L,Y,-14.35,4.394603537
741,3HFM_741,-10.01778957,"L:Y50F,Y:R21A",H,L,Y,-14.35,4.33221043
742,3HFM_742,-10.16661466,"L:Y96F,Y:R21A",H,L,Y,-14.35,4.18338534
743,3HFM_743,-10.20145923,Y:K97E,H,L,Y,-14.35,4.14854077
744,3HFM_744,-10.20628619,H:Y33W,H,L,Y,-14.35,4.14371381
745,3HFM_745,-10.27980701,H:Y58A,H,L,Y,-14.35,4.07019299
746,3HFM_746,-10.34585923,H:Y50F,H,L,Y,-14.35,4.00414077
747,3HFM_747,-10.4421776,H:Y58L,H,L,Y,-14.35,3.9078224
748,3HFM_748,-10.75311573,Y:K97R,H,L,Y,-14.35,3.59688427
749,3HFM_749,-10.88462944,H:Y33F,H,L,Y,-14.35,3.46537056
750,3HFM_750,-11.10302016,H:W98F,H,L,Y,-14.35,3.24697984
751,3HFM_751,-11.1489613,H:Y53L,H,L,Y,-14.35,3.2010387
752,3HFM_752,-11.1877626,Y:R21E,H,L,Y,-14.35,3.1622374
753,3HFM_753,-11.19157089,Y:R21E,H,L,Y,-14.35,3.15842911
754,3HFM_754,-11.21098859,Y:R21G,H,L,Y,-14.35,3.13901141
755,3HFM_755,-11.23106464,Y:R21G,H,L,Y,-14.35,3.11893536
756,3HFM_756,-11.23928959,Y:R21Q,H,L,Y,-14.35,3.11071041
757,3HFM_757,-11.24966883,H:Y53W,H,L,Y,-14.35,3.10033117
758,3HFM_758,-11.25184526,Y:R21Q,H,L,Y,-14.35,3.09815474
759,3HFM_759,-11.31072389,Y:D101F,H,L,Y,-14.35,3.03927611
760,3HFM_760,-11.31072389,Y:R21N,H,L,Y,-14.35,3.03927611
761,3HFM_761,-11.31895701,Y:R21N,H,L,Y,-14.35,3.03104299
762,3HFM_762,-11.31895701,Y:D101F,H,L,Y,-14.35,3.03104299
763,3HFM_763,-11.33535146,H:Y53F,H,L,Y,-14.35,3.01464854
764,3HFM_764,-11.35812413,Y:D101R,H,L,Y,-14.35,2.99187587
765,3HFM_765,-11.3683345,Y:D101R,H,L,Y,-14.35,2.9816655
766,3HFM_766,-11.46609255,Y:R21H,H,L,Y,-14.35,2.88390745
767,3HFM_767,-11.48147489,Y:R21H,H,L,Y,-14.35,2.86852511
768,3HFM_768,-11.50694922,Y:D101E,H,L,Y,-14.35,2.84305078
769,3HFM_769,-11.50694922,Y:D101K,H,L,Y,-14.35,2.84305078
770,3HFM_770,-11.50694922,Y:R21W,H,L,Y,-14.35,2.84305078
771,3HFM_771,-11.51349279,Y:R21W,H,L,Y,-14.35,2.83650721
772,3HFM_772,-11.51349279,Y:D101E,H,L,Y,-14.35,2.83650721
773,3HFM_773,-11.53017521,Y:D101K,H,L,Y,-14.35,2.81982479
774,3HFM_774,-11.55083499,Y:D101Q,H,L,Y,-14.35,2.79916501
775,3HFM_775,-11.56501978,Y:D101Q,H,L,Y,-14.35,2.78498022
776,3HFM_776,-11.59272527,H:Y58F,H,L,Y,-14.35,2.75727473
777,3HFM_777,-11.64153727,L:Y96A,H,L,Y,-14.35,2.70846273
778,3HFM_778,-11.66231788,Y:Y20L,H,L,Y,-14.35,2.68768212
779,3HFM_779,-11.75607648,Y:R21M,H,L,Y,-14.35,2.59392352
780,3HFM_780,-11.76859676,Y:D101S,H,L,Y,-14.35,2.58140324
781,3HFM_781,-11.77880713,Y:D101S,H,L,Y,-14.35,2.57119287
782,3HFM_782,-11.86157231,Y:R21K,H,L,Y,-14.35,2.48842769
783,3HFM_783,-11.89194752,Y:R21K,H,L,Y,-14.35,2.45805248
784,3HFM_784,-11.99371498,L:Y50F,H,L,Y,-14.35,2.35628502
785,3HFM_785,-12.13990226,Y:D101N,H,L,Y,-14.35,2.21009774
786,3HFM_786,-12.16407651,Y:D101N,H,L,Y,-14.35,2.18592349
787,3HFM_787,-12.27204493,Y:D101A,H,L,Y,-14.35,2.07795507
788,3HFM_788,-12.27204493,Y:D101A,H,L,Y,-14.35,2.07795507
789,3HFM_789,-12.89373576,Y:D101A,H,L,Y,-14.35,1.45626424
790,3HFM_790,-12.9468029,L:Y96F,H,L,Y,-14.35,1.4031971
791,3HFM_791,-12.98502176,Y:R21A,H,L,Y,-14.35,1.36497824
792,3HFM_792,-12.98502176,Y:R21A,H,L,Y,-14.35,1.36497824
793,3HFM_793,-13.00509781,L:N31D,H,L,Y,-14.35,1.34490219
794,3HFM_794,-13.00509781,Y:K97M,H,L,Y,-14.35,1.34490219
795,3HFM_795,-13.0697642,Y:N19D,H,L,Y,-14.35,1.2802358
796,3HFM_796,-13.14236768,Y:L75A,H,L,Y,-14.35,1.20763232
797,3HFM_797,-13.22513286,"H:D32A,Y:K97M",H,L,Y,-14.35,1.12486714
798,3HFM_798,-13.24012573,Y:N19K,H,L,Y,-14.35,1.10987427
799,3HFM_799,-13.24012573,Y:G102V,H,L,Y,-14.35,1.10987427
800,3HFM_800,-13.25550807,Y:K97M,H,L,Y,-14.35,1.09449193
801,3HFM_801,-13.25550807,Y:G102V,H,L,Y,-14.35,1.09449193
802,3HFM_802,-13.2809824,Y:D101G,H,L,Y,-14.35,1.0690176
803,3HFM_803,-13.28752596,Y:D101G,H,L,Y,-14.35,1.06247404
804,3HFM_804,-13.32137442,Y:R21A,H,L,Y,-14.35,1.02862558
805,3HFM_805,-13.39549439,L:Q53A,H,L,Y,-14.35,0.95450561
806,3HFM_806,-13.52272262,Y:N19Q,H,L,Y,-14.35,0.82727738
807,3HFM_807,-13.52763706,Y:W63A,H,L,Y,-14.35,0.82236294
808,3HFM_808,-13.57916405,Y:S100A,H,L,Y,-14.35,0.77083595
809,3HFM_809,-13.63560548,Y:N93A,H,L,Y,-14.35,0.71439452
810,3HFM_810,-13.84682368,Y:T89A,H,L,Y,-14.35,0.50317632
811,3HFM_811,-13.84682368,Y:I98A,H,L,Y,-14.35,0.50317632
812,3HFM_812,-14.04607811,"H:D32N,Y:K97M",H,L,Y,-14.35,0.30392189
813,3HFM_813,-14.17822078,H:D32N,H,L,Y,-14.35,0.17177922
814,3HFM_814,-14.17822078,H:S31A,H,L,Y,-14.35,0.17177922
815,3HFM_815,-14.17822078,Y:R73A,H,L,Y,-14.35,0.17177922
816,3HFM_816,-14.29214088,Y:H15A,H,L,Y,-14.35,0.05785912
817,3HFM_817,-14.31036345,Y:Y20F,H,L,Y,-14.35,0.03963655
818,3HFM_818,-14.31036345,Y:Y20F,H,L,Y,-14.35,0.03963655
819,3IDX_819,-8.502923411,"G:T123C,G:G431C,G:M433A",H,L,G,-11.45094461,2.948021199
820,3IDX_820,-9.274042871,"G:W95M,G:M433A,G:C96W,G:C275V,G:K231C,G:E267C",H,L,G,-11.45094461,2.176901739
821,3IDX_821,-9.559916709,"G:W95M,G:M433A,G:C96W,G:C275V",H,L,G,-11.45094461,1.891027901
822,3IDX_822,-10.77634171,"G:W95M,G:S257T,G:W375S,G:M433A,G:C96W,G:C275V,G:C109I,G:C428Q",H,L,G,-11.45094461,0.6746029
823,3IDX_823,-11.08599514,"G:C109I,G:C428Q,G:M433A",H,L,G,-11.45094461,0.36494947
824,3IDX_824,-11.10466742,"G:K231C,G:E267C,G:W95M,G:M433A,G:C96W,G:C275V,G:C109I,G:C428Q",H,L,G,-11.45094461,0.34627719
825,3IDX_825,-11.20509613,"G:K231C,G:E268C,G:W95M,G:M433A,G:C96W,G:C275V,G:C109I,G:C428Q",H,L,G,-11.45094461,0.24584848
826,3IDX_826,-11.2434453,"G:T123C,G:G431C,G:W95M,G:M433A,G:C96W,G:C275V,G:C109I,G:C428Q",H,L,G,-11.45094461,0.20749931
827,3IDX_827,-11.26036608,"G:W95M,G:M433A,G:C96W,G:C275V,G:C109I,G:C428Q",H,L,G,-11.45094461,0.19057853
828,3IDX_828,-11.29006412,"G:K231C,G:E267C,G:C109I,G:C428Q",H,L,G,-11.45094461,0.16088049
829,3IDX_829,-11.37741531,"G:C109I,G:C428Q",H,L,G,-11.45094461,0.0735293
830,3L5X_830,-12.68846924,"L:N92S,L:E93S,L:Y94G",H,L,A,-13.05,0.36153076
831,3L5X_831,-12.74228456,"L:N92S,L:E93W,L:Y94A",H,L,A,-13.05,0.30771544
832,3L5X_832,-12.8672649,"L:E93F,L:Y94G",H,L,A,-13.05,0.1827351
833,3L5X_833,-12.86888511,"L:N92D,L:E93L,L:Y94G",H,L,A,-13.05,0.18111489
834,3L5X_834,-12.88367002,"L:H91P,L:N92L,L:Y94A",H,L,A,-13.05,0.16632998
835,3L5X_835,-12.90225658,"L:N92V,L:E93G,L:Y94G",H,L,A,-13.05,0.14774342
836,3L5X_836,-12.95612887,"L:N92S,L:E93V,L:Y94G",H,L,A,-13.05,0.09387113
837,3L5X_837,-12.96179577,"L:N92D,L:E93R,L:Y94D",H,L,A,-13.05,0.08820423
838,3L5X_838,-12.97329491,"L:N92D,L:E93N,L:Y94S",H,L,A,-13.05,0.07670509
839,3L5X_839,-12.9929707,"L:N92L,L:E93D,L:Y94S",H,L,A,-13.05,0.0570293
840,3L5X_840,-13.06522634,"L:N92L,L:E93L,L:Y94G",H,L,A,-13.05,-0.01522634
841,3L5X_841,-13.07204623,"L:H91P,L:N92L,L:E93D,L:Y94S",H,L,A,-13.05,-0.02204623
842,3L5X_842,-13.08592624,"L:H91P,L:N92I,L:E93D,L:Y94A",H,L,A,-13.05,-0.03592624
843,3L5X_843,-13.11963703,"L:N92L,L:E93D,L:Y94S",H,L,A,-13.05,-0.06963703
844,3L5X_844,-13.13469344,"L:N92L,L:E93N,L:Y94G",H,L,A,-13.05,-0.08469344
845,3L5X_845,-13.15538329,"L:N92D,L:E93W,L:Y94S",H,L,A,-13.05,-0.10538329
846,3L5X_846,-13.20190687,"L:E93H,L:Y94G",H,L,A,-13.05,-0.15190687
847,3L5X_847,-13.2462308,"L:N92D,L:E93Y,L:Y94A",H,L,A,-13.05,-0.1962308
848,3L5X_848,-13.2462308,"L:N92S,L:E93I,L:Y94G",H,L,A,-13.05,-0.1962308
849,3L5X_849,-13.2493071,"L:H91P,L:N92L,L:E93D,L:Y94T",H,L,A,-13.05,-0.1993071
850,3L5X_850,-13.26493299,"L:N92L,L:E93M,L:Y94G",H,L,A,-13.05,-0.21493299
851,3L5X_851,-13.26810826,L:Y94A,H,L,A,-13.05,-0.21810826
852,3L5X_852,-13.27451035,"L:N92V,L:E93W,L:Y94G",H,L,A,-13.05,-0.22451035
853,3L5X_853,-13.29747892,"L:H91P,L:N92L,L:E93D,L:Y94V",H,L,A,-13.05,-0.24747892
854,3L5X_854,-13.40344332,"L:N92S,L:E93Y,L:Y94G",H,L,A,-13.05,-0.35344332
855,3L5X_855,-13.63560548,"L:N92D,L:E93W,L:Y94E",H,L,A,-13.05,-0.58560548
856,3L5X_856,-13.67224728,"L:N92F,L:E93W,L:Y94G",H,L,A,-13.05,-0.62224728
857,3L5X_857,-13.68498297,"L:N92S,L:E93H,L:Y94G",H,L,A,-13.05,-0.63498297
858,3L5X_858,-13.70461527,"L:N92E,L:E93S,L:Y94G",H,L,A,-13.05,-0.65461527
859,3L5X_859,-13.71130672,"L:N92S,L:E93W,L:Y94G",H,L,A,-13.05,-0.66130672
860,3L5X_860,-13.89070945,"L:H91Q,L:N92D,L:E93Y,L:Y94G",H,L,A,-13.05,-0.84070945
861,3L5X_861,-13.90921679,"L:N92D,L:E93P,L:Y94G",H,L,A,-13.05,-0.85921679
862,3L5X_862,-13.98963667,"L:H91Q,L:N92D,L:E93I,L:Y94G",H,L,A,-13.05,-0.93963667
863,3L5X_863,-13.98963667,"L:N92E,L:E93W,L:Y94G",H,L,A,-13.05,-0.93963667
864,3L5X_864,-14.12177935,"L:N92D,L:E93W,L:Y94G",H,L,A,-13.05,-1.07177935
865,3L5X_865,-14.22438858,"L:H91Q,L:N92D,L:E93L,L:Y94G",H,L,A,-13.05,-1.17438858
866,3LZF_866,-11.19157089,A:D225G,H,L,A,-11.73,0.53842911
867,3LZF_867,-11.23106464,A:D190E,H,L,A,-11.73,0.49893536
868,3LZF_868,-11.60204351,"A:D190E,A:D225G",H,L,A,-11.73,0.12795649
869,3N85_869,-11.92396542,H:S50G,H,L,A,-12.41,0.48603458
870,3N85_870,-12.27204493,L:W91F,H,L,A,-12.41,0.13795507
871,3N85_871,-12.35451409,H:S32Y,H,L,A,-12.41,0.05548591
872,3N85_872,-12.4268217,H:W96F,H,L,A,-12.41,-0.0168217
873,3N85_873,-12.4268217,H:W96F,H,L,A,-12.41,-0.0168217
874,3N85_874,-12.4503554,L:W94Y,H,L,A,-12.41,-0.0403554
875,3N85_875,-12.54565624,H:S32A,H,L,A,-12.41,-0.13565624
876,3N85_876,-12.96560406,H:W30R,H,L,A,-12.41,-0.55560406
877,3N85_877,-13.19623996,H:W30K,H,L,A,-12.41,-0.78623996
878,3N85_878,-13.19623996,H:S52Y,H,L,A,-12.41,-0.78623996
879,3NGB_879,-6.154262518,H:W100A,H,L,G,-10.88,4.725737482
880,3NGB_880,-8.593976143,L:Y91A,H,L,G,-10.88,2.286023857
881,3NGB_881,-8.84964018,H:N58A,H,L,G,-10.88,2.03035982
882,3NGB_882,-8.973546851,H:R71A,H,L,G,-10.88,1.906453149
883,3NGB_883,-9.193178272,H:Y100A,H,L,G,-10.88,1.686821728
884,3NGB_884,-9.258336143,H:V57A,H,L,G,-10.88,1.621663857
885,3NGB_885,-9.296814082,L:E96A,H,L,G,-10.88,1.583185918
886,3NGB_886,-9.296969095,"H:T33Y,H:G55S,H:A56G,H:V57T,H:P62K,H:V73T,H:Y74S",H,L,G,-10.88,1.583030905
887,3NGB_887,-9.324970409,H:W50A,H,L,G,-10.88,1.555029591
888,3NGB_888,-9.351153788,H:G55A,H,L,G,-10.88,1.528846212
889,3NGB_889,-9.414593762,H:W47A,H,L,G,-10.88,1.465406238
890,3NGB_890,-9.498190356,H:N100A,H,L,G,-10.88,1.381809644
891,3NGB_891,-9.528850506,H:V73A,H,L,G,-10.88,1.351149494
892,3NGB_892,-9.561741632,"H:A56G,H:V57T,H:P62K,H:V73T",H,L,G,-10.88,1.318258368
893,3NGB_893,-9.620919708,H:R61A,H,L,G,-10.88,1.259080292
894,3NGB_894,-9.631483537,L:Y28A,H,L,G,-10.88,1.248516463
895,3NGB_895,-9.75790317,L:F97A,H,L,G,-10.88,1.12209683
896,3NGB_896,-9.909601068,H:T33A,H,L,G,-10.88,0.970398932
897,3NGB_897,-9.993881791,H:K52A,H,L,G,-10.88,0.886118209
898,3NGB_898,-10.06833818,H:Y59A,H,L,G,-10.88,0.81166182
899,3NGB_899,-10.08621327,H:M69A,H,L,G,-10.88,0.79378673
900,3NGB_900,-10.37301831,"H:I30T,H:K52N,H:R53N,H:G54S,H:A56G,H:V57T,H:R61Q,H:P62K,H:V73T,H:Y74S,L:Y28S",H,L,G,-10.88,0.50698169
901,3NGB_901,-10.4921193,H:G54S,H,L,G,-10.88,0.3878807
902,3NGB_902,-10.55689304,H:D99A,H,L,G,-10.88,0.32310696
903,3NGB_903,-10.58389411,L:Y28S,H,L,G,-10.88,0.29610589
904,3NGB_904,-10.61950762,H:I30A,H,L,G,-10.88,0.26049238
905,3NGB_905,-10.65928491,H:P62A,H,L,G,-10.88,0.22071509
906,3NGB_906,-10.76147623,L:S30A,H,L,G,-10.88,0.11852377
907,3NGB_907,-10.8160867,H:Y74A,H,L,G,-10.88,0.0639133
908,3NGB_908,-10.84737284,L:Q27A,H,L,G,-10.88,0.03262716
909,3NGB_909,-10.87614869,H:R53A,H,L,G,-10.88,0.00385131
910,3NGB_910,-10.90259193,H:Y74S,H,L,G,-10.88,-0.02259193
911,3NGB_911,-10.95715282,H:Q64A,H,L,G,-10.88,-0.07715282
912,3NGB_912,-10.97616491,"H:C32S,H:C98A",H,L,G,-10.88,-0.09616491
913,3NGB_913,-11.00263956,H:P62K,H,L,G,-10.88,-0.12263956
914,3NGB_914,-11.06019282,H:K52N,H,L,G,-10.88,-0.18019282
915,3NGB_915,-11.07022359,H:V73T,H,L,G,-10.88,-0.19022359
916,3NGB_916,-11.0972906,H:V57T,H,L,G,-10.88,-0.2172906
917,3NGB_917,-11.13861292,H:R61Q,H,L,G,-10.88,-0.25861292
918,3NGB_918,-11.15096898,H:T33Y,H,L,G,-10.88,-0.27096898
919,3NGB_919,-11.16176904,H:I30T,H,L,G,-10.88,-0.28176904
920,3NGB_920,-11.18871238,H:R53N,H,L,G,-10.88,-0.30871238
921,3NGB_921,-11.29119317,H:A56G,H,L,G,-10.88,-0.41119317
922,3NGB_922,-11.39012765,L:V3A,H,L,G,-10.88,-0.51012765
923,3NGB_923,-11.89342357,H:G54A,H,L,G,-10.88,-1.01342357
924,3NPS_924,-11.96835754,A:H143A,B,C,A,-13.84,1.87164246
925,3NPS_925,-12.06857564,A:Y146A,B,C,A,-13.84,1.77142436
926,3NPS_926,-12.27204493,A:F94A,B,C,A,-13.84,1.56795507
927,3NPS_927,-12.3364153,A:D96A,B,C,A,-13.84,1.5035847
928,3NPS_928,-12.37670636,A:D217A,B,C,A,-13.84,1.46329364
929,3NPS_929,-12.7759789,A:D60A,B,C,A,-13.84,1.0640211
930,3NPS_930,-13.10254179,A:Q175A,B,C,A,-13.84,0.73745821
931,3NPS_931,-13.11963703,A:T98A,B,C,A,-13.84,0.72036297
932,3NPS_932,-13.20190687,A:I41A,B,C,A,-13.84,0.63809313
933,3NPS_933,-13.22810122,A:E169A,B,C,A,-13.84,0.61189878
934,3NPS_934,-13.37990962,A:F97A,B,C,A,-13.84,0.46009038
935,3NPS_935,-13.39155958,A:Y60A,B,C,A,-13.84,0.44844042
936,3NPS_936,-13.50346281,A:D60A,B,C,A,-13.84,0.33653719
937,3NPS_937,-13.54771311,A:Q145A,B,C,A,-13.84,0.29228689
938,3NPS_938,-13.54771311,A:L153A,B,C,A,-13.84,0.29228689
939,3NPS_939,-13.59003017,A:N95A,B,C,A,-13.84,0.24996983
940,3NPS_940,-13.62387863,A:F60A,B,C,A,-13.84,0.21612137
941,3NPS_941,-13.66847938,A:T150A,B,C,A,-13.84,0.17152062
942,3NPS_942,-13.70528102,A:R60A,B,C,A,-13.84,0.13471898
943,3NPS_943,-13.81712564,A:Q38A,B,C,A,-13.84,0.02287436
944,3NPS_944,-13.88436615,A:Q221A,B,C,A,-13.84,-0.04436615
945,3NPS_945,-13.90267322,A:Q174A,B,C,A,-13.84,-0.06267322
946,3NPS_946,-13.92735125,A:R222A,B,C,A,-13.84,-0.08735125
947,3NPS_947,-13.94705978,A:K224A,B,C,A,-13.84,-0.10705978
948,3NPS_948,-13.99504481,A:R87A,B,C,A,-13.84,-0.15504481
949,3NPS_949,-14.17526722,A:I60A,B,C,A,-13.84,-0.33526722
950,3NPS_950,-14.90619048,A:R60A,B,C,A,-13.84,-1.06619048
951,3SE8_951,-7.338813332,H:R71A,H,L,G,-9.98,2.641186668
952,3SE8_952,-8.469784632,L:E96A,H,L,G,-9.98,1.510215368
953,3SE8_953,-8.508129013,H:W47A,H,L,G,-9.98,1.471870987
954,3SE8_954,-8.649749671,H:W50A,H,L,G,-9.98,1.330250329
955,3SE8_955,-8.733590548,H:V57A,H,L,G,-9.98,1.246409452
956,3SE8_956,-8.777106485,H:R61A,H,L,G,-9.98,1.202893515
957,3SE8_957,-8.8324355,H:S58A,H,L,G,-9.98,1.1475645
958,3SE8_958,-8.868850636,H:Q62A,H,L,G,-9.98,1.111149364
959,3SE8_959,-8.871861257,H:K52A,H,L,G,-9.98,1.108138743
960,3SE8_960,-8.915671326,H:F100A,H,L,G,-9.98,1.064328674
961,3SE8_961,-9.127426884,H:Y59A,H,L,G,-9.98,0.852573116
962,3SE8_962,-9.127426884,L:D50A,H,L,G,-9.98,0.852573116
963,3SE8_963,-9.150950299,L:F97A,H,L,G,-9.98,0.829049701
964,3SE8_964,-9.153353986,H:Y100A,H,L,G,-9.98,0.826646014
965,3SE8_965,-9.222170092,H:W54A,H,L,G,-9.98,0.757829908
966,3SE8_966,-9.433470632,H:Q64A,H,L,G,-9.98,0.546529368
967,3SE8_967,-9.626178456,H:G55A,H,L,G,-9.98,0.353821544
968,3SE8_968,-9.788926438,L:N31A,H,L,G,-9.98,0.191073562
969,3SE8_969,-9.88637582,H:Q75A,H,L,G,-9.98,0.09362418
970,3SE8_970,-9.928499484,H:L53A,H,L,G,-9.98,0.051500516
971,3SE8_971,-9.9644578,H:P76A,H,L,G,-9.98,0.0155422
972,3SE8_972,-10.02277329,H:R30A,H,L,G,-9.98,-0.04277329
973,3SE8_973,-10.05419553,H:P76A,H,L,G,-9.98,-0.07419553
974,3SE8_974,-10.19940471,L:Q27A,H,L,G,-9.98,-0.21940471
975,3SE8_975,-10.22741547,H:D100A,H,L,G,-9.98,-0.24741547
976,3SE8_976,-10.37262466,H:D99A,H,L,G,-9.98,-0.39262466
977,3SE8_977,-10.53979307,L:E1A,H,L,G,-9.98,-0.55979307
978,3SE8_978,-10.84737284,L:F91A,H,L,G,-9.98,-0.86737284
979,3SE9_979,-7.860535917,H:R71A,H,L,G,-10.54,2.679464083
980,3SE9_980,-9.01803153,H:N57A,H,L,G,-10.54,1.52196847
981,3SE9_981,-9.07024821,H:R64A,H,L,G,-10.54,1.46975179
982,3SE9_982,-9.264098128,H:W50A,H,L,G,-10.54,1.275901872
983,3SE9_983,-9.422073645,L:Y30A,H,L,G,-10.54,1.117926355
984,3SE9_984,-9.481346661,H:W47A,H,L,G,-10.54,1.058653339
985,3SE9_985,-9.556433474,H:V56A,H,L,G,-10.54,0.983566526
986,3SE9_986,-9.575550091,L:L91A,H,L,G,-10.54,0.964449909
987,3SE9_987,-9.973793225,H:L34A,H,L,G,-10.54,0.566206775
988,3SE9_988,-10.07609332,H:Y98A,H,L,G,-10.54,0.46390668
989,3SE9_989,-10.07609332,L:G31A,H,L,G,-10.54,0.46390668
990,3SE9_990,-10.08734828,H:G54A,H,L,G,-10.54,0.45265172
991,3SE9_991,-10.12243332,L:E96A,H,L,G,-10.54,0.41756668
992,3SE9_992,-10.35464951,H:G100A,H,L,G,-10.54,0.18535049
993,3SE9_993,-10.49345307,H:G59A,H,L,G,-10.54,0.04654693
994,3SE9_994,-10.51617738,L:F97A,H,L,G,-10.54,0.02382262
995,3SE9_995,-10.77200926,H:R73A,H,L,G,-10.54,-0.23200926
996,3SE9_996,-10.84737284,H:G100A,H,L,G,-10.54,-0.30737284
997,3SE9_997,-10.98173267,H:P61A,H,L,G,-10.54,-0.44173267
998,3SE9_998,-10.98173267,H:T99A,H,L,G,-10.54,-0.44173267
999,3SE9_999,-11.03412421,L:V3A,H,L,G,-10.54,-0.49412421
1000,3SE9_1000,-11.15495262,H:G100A,H,L,G,-10.54,-0.61495262
1001,3SE9_1001,-11.30627478,H:D74A,H,L,G,-10.54,-0.76627478
1002,3SE9_1002,-11.39909242,H:V52A,H,L,G,-10.54,-0.85909242
1003,3SE9_1003,-11.39909242,H:T53A,H,L,G,-10.54,-0.85909242
1004,3W2D_1004,-7.973708911,A:K98N,H,L,A,-12.60226824,4.628559329
1005,3W2D_1005,-10.23089072,A:Y73L,H,L,A,-12.60226824,2.37137752
1006,3W2D_1006,-11.71770278,A:Y73F,H,L,A,-12.60226824,0.88456546
1007,3W2D_1007,-13.02376725,A:K98R,H,L,A,-12.60226824,-0.42149901
1008,4GXU_1008,-8.181363289,"A:D190E,A:D225G",M,N,A,-11.19,3.008636711
1009,4GXU_1009,-9.026482788,A:D190E,M,N,A,-11.19,2.163517212
1010,4GXU_1010,-9.230692779,A:D225G,M,N,A,-11.19,1.959307221
1011,4I77_1011,-12.48834365,H:D54A,H,L,Z,-15,2.51165635
1012,4I77_1012,-12.57680043,H:W52A,H,L,Z,-15,2.42319957
1013,4I77_1013,-12.66950171,H:W52F,H,L,Z,-15,2.33049829
1014,4I77_1014,-12.87541066,H:D54A,H,L,Z,-15,2.12458934
1015,4I77_1015,-12.88533581,H:W52A,H,L,Z,-15,2.11466419
1016,4I77_1016,-12.89984687,H:Y100A,H,L,Z,-15,2.10015313
1017,4I77_1017,-12.90054258,H:W52F,H,L,Z,-15,2.09945742
1018,4I77_1018,-13.23660555,H:Y98A,H,L,Z,-15,1.76339445
1019,4I77_1019,-13.27773753,L:N91A,H,L,Z,-15,1.72226247
1020,4I77_1020,-13.30760202,H:Y100A,H,L,Z,-15,1.69239798
1021,4I77_1021,-13.97302758,L:Y28A,H,L,Z,-15,1.02697242
1022,4I77_1022,-14.05804188,H:Y98A,H,L,Z,-15,0.94195812
1023,4I77_1023,-14.56428143,L:N91A,H,L,Z,-15,0.43571857
1024,4I77_1024,-14.94726205,H:Y100F,H,L,Z,-15,0.05273795
1025,4I77_1025,-14.99916603,H:Y97F,H,L,Z,-15,0.00083397
1026,4I77_1026,-14.99916603,H:Y97A,H,L,Z,-15,0.00083397
1027,4I77_1027,-14.99916603,H:Y98F,H,L,Z,-15,0.00083397
1028,4I77_1028,-14.99916603,H:Y100F,H,L,Z,-15,0.00083397
1029,4I77_1029,-14.99916603,L:Y28F,H,L,Z,-15,0.00083397
1030,4I77_1030,-14.99916603,L:Y28A,H,L,Z,-15,0.00083397
1031,4I77_1031,-15.60315929,H:Y97F,H,L,Z,-15,-0.60315929
1032,4I77_1032,-15.60315929,H:Y97A,H,L,Z,-15,-0.60315929
1033,4I77_1033,-15.60315929,H:Y98F,H,L,Z,-15,-0.60315929
1034,4I77_1034,-15.60315929,L:Y28F,H,L,Z,-15,-0.60315929
1035,4JPK_1035,-6.179182798,A:D141R,H,L,A,-10.0361262,3.856943402
1036,4JPK_1036,-7.884810763,A:S41G,H,L,A,-10.0361262,2.151315437
1037,4JPK_1037,-8.648988398,A:F144I,H,L,A,-10.0361262,1.387137802
1038,4JPK_1038,-8.869219128,A:F63L,H,L,A,-10.0361262,1.166907072
1039,4JPK_1039,-9.2778028,A:R81T,H,L,A,-10.0361262,0.7583234
1040,4JPK_1040,-9.417537713,"A:D159N,A:D33N",H,L,A,-10.0361262,0.618588487
1041,4JPK_1041,-9.441910981,A:V30N,H,L,A,-10.0361262,0.594215219
1042,4JPK_1042,-9.806439788,A:R130K,H,L,A,-10.0361262,0.229686412
1043,4JPK_1043,-10.0685992,A:T35S,H,L,A,-10.0361262,-0.032473
1044,4NM8_1044,-8.483879179,B:R25M,H,L,B,-11.7353095,3.251430321
1045,4NM8_1045,-8.950756366,B:Q34R,H,L,B,-11.7353095,2.784553134
1046,4NM8_1046,-9.595293592,B:Q34T,H,L,B,-11.7353095,2.140015908
1047,4NM8_1047,-10.70503776,B:T32R,H,L,B,-11.7353095,1.03027174
1048,4NM8_1048,-11.26473259,B:D19N,H,L,B,-11.7353095,0.47057691
1049,4NM8_1049,-11.81645217,B:I18M,H,L,B,-11.7353095,-0.08114267
1050,4NM8_1050,-11.97643812,B:T32I,H,L,B,-11.7353095,-0.24112862
1051,4NM8_1051,-12.47795173,B:T32E,H,L,B,-11.7353095,-0.74264223
1052,4NM8_1052,-12.5413917,B:L38Y,H,L,B,-11.7353095,-0.8060822
1053,4U6H_1053,-13.57916405,E:Q31A,A,B,E,-13.69831843,0.11915438
1054,4U6H_1054,-14.04607811,E:N27A,A,B,E,-13.69831843,-0.34775968
1055,4ZS6_1055,-5.832447633,A:E536A,H,L,A,-8.875561142,3.043113509
1056,4ZS6_1056,-8.981364584,A:Y540A,H,L,A,-8.875561142,-0.105803442
1057,5C6T_1057,-10.27188212,A:Y280A,H,L,A,-13.48699435,3.21511223
1058,5C6T_1058,-10.5378119,"A:Y280A,A:N293A,A:D295A",H,L,A,-13.48699435,2.94918245
1059,5C6T_1059,-10.72205761,A:F297A,H,L,A,-13.48699435,2.76493674
1060,5C6T_1060,-11.48303533,A:F290A,H,L,A,-13.48699435,2.00395902
1061,5C6T_1061,-11.76355684,H:Y103A,H,L,A,-13.48699435,1.72343751
1062,5C6T_1062,-11.95434063,H:N102A,H,L,A,-13.48699435,1.53265372
1063,5C6T_1063,-12.02020698,H:F104A,H,L,A,-13.48699435,1.46678737
1064,5C6T_1064,-12.38956496,A:E292A,H,L,A,-13.48699435,1.09742939
1065,5C6T_1065,-12.59462519,A:I299A,H,L,A,-13.48699435,0.89236916
1066,5C6T_1066,-12.89373576,"A:N293A,A:D295A",H,L,A,-13.48699435,0.59325859
1067,5C6T_1067,-12.92858033,L:Y50A,H,L,A,-13.48699435,0.55841402
1068,5C6T_1068,-13.0697642,A:F298A,H,L,A,-13.48699435,0.41723015
1069,5C6T_1069,-13.11716443,A:N284A,H,L,A,-13.48699435,0.36982992
1070,5C6T_1070,-13.11716443,H:Y109A,H,L,A,-13.48699435,0.36982992
1071,5C6T_1071,-13.14236768,A:T283A,H,L,A,-13.48699435,0.34462667
1072,5C6T_1072,-13.16869142,H:R31S,H,L,A,-13.48699435,0.31830293
1073,5C6T_1073,-13.19623996,A:N281A,H,L,A,-13.48699435,0.29075439
1074,5C6T_1074,-13.35727553,L:R51A,H,L,A,-13.48699435,0.12971882
1075,5C6T_1075,-13.84682368,A:N286A,H,L,A,-13.48699435,-0.35982933
1076,5C6T_1076,-14.34858231,H:S32A,H,L,A,-13.48699435,-0.86158796
